,word,Bank,label
0,นาย บุษลิน ลายศรี,kbank,Name
1,Busalin Laisri,krungsri,Name
2,นาย ภคภัทร พงษ์ธนาพัฒน์,bll,Name
3,Pakapat Pongtanapat,krungsri,Name
4,นาย บวรนันท์ อินทรประสิทธิ์,bll,Name
5,Bawonnan Intaraprasith,bll,Name
6,นาย ชยุต ไพศาล,bll,Name
7,Chayud Paisarn,kbank,Name
8,นาย พรพิมล เรืองทิพย์,scb,Name
9,Pornpimol Roengtip,scb,Name
10,นาย กัญจนพร พรมบุตร,scb,Name
11,Kanjanaporn Prommabuth,bll,Name
12,นาย แก้วขวัญ โชติพาณิชย์,bll,Name
13,Kaewkwan Chotipanitch,bll,Name
14,นาย ปัณยตา ศิริภาพันธ์,bll,Name
15,Panyata Siripapan,bll,Name
16,นาย กิตติ อุดมเดชสกุล,scb,Name
17,Kitti Udomdechsakul,kbank,Name
18,นาย ภาธร ศรีวรรณวิไล,kbank,Name
19,Pathorn Sriwanwilai,kbank,Name
20,นาย พิชัย มั่นคง,kbank,Name
21,Pichai Mankong,bll,Name
22,นาย กัญญลักษณ์ อุดมเดชรักษา,krungsri,Name
23,Kanyalak Udomdechraksa,scb,Name
24,นาย คงเกียรติ พงศ์พินิจ,bll,Name
25,Kongkiat Pongpinij,kbank,Name
26,นาย ภาสิกา อุดมเดชสกุล,kbank,Name
27,Pasika Udomdechsakul,bll,Name
28,นาย สุทธิพงษ์ อุดมเดชรักษา,bll,Name
29,Suthipong Udomdechraksa,bll,Name
30,นาย ธนิสร แสนสุวรรณวงศ์,scb,Name
31,Tanisorn Sansuwannawong,bll,Name
32,นาย สุพิชชา อุดมทรัพย์,bll,Name
33,Supitcha Udomsab,scb,Name
34,นาย สุพิชชา เหล่าสกุล,kbank,Name
35,Supitcha Laosakul,krungsri,Name
36,นาย ปาณิศา วงศ์พัฒนา,krungsri,Name
37,Panisa Wongpattana,kbank,Name
38,นาย ปิยะดา ไกรรอด,krungsri,Name
39,Piyada Krairod,kbank,Name
40,นาย พงษ์สิทธิ์ ปัทมเดชา,bll,Name
41,Pongsit Patamadecha,krungsri,Name
42,นาย ภูริทัต สถิตายุธ,kbank,Name
43,Phuritat Satitayuth,bll,Name
44,นาย เอกภพ จันทรเพ็ญ,bll,Name
45,Aekapob Janpen,bll,Name
46,นาย พรพักตร์ ธนเกียรติโกศล,krungsri,Name
47,Pornpak Tanakiatkosol,bll,Name
48,นาย จิรณัฐ ตั้งตระกูลเจริญ,scb,Name
49,Jiranat Tangjareonsakul,kbank,Name
50,นาย อาชาไนย มากมี,kbank,Name
51,Achanai Makmee,scb,Name
52,นาย ปฐมา เผ่ารอด,kbank,Name
53,Patama Paorod,krungsri,Name
54,นาย ธัญพร ป้องภัย,bll,Name
55,Thanyaporn Pongpai,scb,Name
56,นาย นวตา เกียรติวิทยา,scb,Name
57,Nawata Kiatwittaya,kbank,Name
58,นาย ปวิตร ประชายุต,scb,Name
59,Pawich Prachayut,kbank,Name
60,นาย พงษ์สิทธิ์ ปัทมเดชา,bll,Name
61,Pongsit Patamadecha,scb,Name
62,นาย ภูริทัต สถิตายุธ,scb,Name
63,Phuritat Satitayuth,bll,Name
64,นาย เอกภพ จันทรเพ็ญ,krungsri,Name
65,Aekapob Janpen,krungsri,Name
66,นาย พรพักตร์ ธนเกียรติโกศล,krungsri,Name
67,Pornpak Tanakiatkosol,bll,Name
68,นาย จิรณัฐ ตั้งตระกูลเจริญ,kbank,Name
69,Jiranat Tangjareonsakul,bll,Name
70,นาย อาชาไนย มากมี,krungsri,Name
71,Achanai Makmee,krungsri,Name
72,นาย ปฐมา เผ่ารอด,kbank,Name
73,Patama Paorod,kbank,Name
74,นาย ธัญพร ป้องภัย,krungsri,Name
75,Thanyaporn Pongpai,scb,Name
76,นาย นวตา เกียรติวิทยา,krungsri,Name
77,Nawata Kiatwittaya,krungsri,Name
78,นาย ปวิตร ประชายุต,scb,Name
79,Pawich Prachayut,bll,Name
80,นาย ธมน ธนเจริญกิจ,krungsri,Name
81,Tamon Tanajaroenkij,scb,Name
82,นาย ภีมพัฒน์ กลิ่นโพธิ์,bll,Name
83,Peempat Glinpoh,bll,Name
84,นาย อนุกูล จันทรเพ็ญ,scb,Name
85,Anukul Janpen,krungsri,Name
86,นาย ธัญญรัตน์ พงศ์พาณิชย์,scb,Name
87,Thanyarat Pongpanitch,bll,Name
88,นาย ปิยะพัทธ์ เมธากิจขจร,krungsri,Name
89,Piyapat undefined,krungsri,Name
90,นาย พร้อมพงศ์ พุ่มสนธิ,kbank,Name
91,Prompong Poomsonthi,bll,Name
92,นาย บาลิกา ตรีทรัพย์,krungsri,Name
93,Balika Treesup,kbank,Name
94,นาย สุพิชฌาย์ ทรัพย์ศิลา,bll,Name
95,Supitcha Sabsila,bll,Name
96,นาย ธนภูมิ พิกุลเทพ,scb,Name
97,Tanapoom Pikulthep,scb,Name
98,นาย นันทิชา กลิ่นเพชร,krungsri,Name
99,Nanticha Glinpetch,kbank,Name
100,นาย พสิษฐ์ แสนสุวรรณวงศ์,kbank,Name
101,Pasit Sansuwannawong,scb,Name
102,นาย จักรพล สุวรรณโชติ,kbank,Name
103,Jakpon Suwannachoti,scb,Name
104,นาย รชานนท์ เรืองฤทธิ์,krungsri,Name
105,Rachanon Reongrit,scb,Name
106,นาย สุภิญญา พงศ์พาณิชย์,kbank,Name
107,Supinya Pongpanitch,kbank,Name
108,นาย สมรรถชัย สุวรรณเวชธาดา,bll,Name
109,Samatchai Suwanwechatada,kbank,Name
110,นาย กานต์ สถานนท์,kbank,Name
111,Kan Satanon,krungsri,Name
112,นาย ปิติพงศ์ กิตติเตชะคุณ,scb,Name
113,Pitipong Kittitechakun,bll,Name
114,นาย กันสิตา เลิศวิทยา,kbank,Name
115,Kansita Lertwittaya,scb,Name
116,นาย กชพร กระจ่างจิต,bll,Name
117,Kochaporn Krajangjit,kbank,Name
118,นาย พรพิมล รัตนพิรมย์,krungsri,Name
119,Pornpimol Ratanapirom,krungsri,Name
120,นาย ธนพล เกียรติบวรสกุล,bll,Name
121,Thanapol Kiatbawonsakul,bll,Name
122,นาย วรรณฤดี ประเสริฐโสม,bll,Name
123,Wanrudee Prasertsom,krungsri,Name
124,นาย ปิยะดา โชติพาณิชย์,krungsri,Name
125,Piyada Chotipanitch,scb,Name
126,นาย ชาลี พิจิตเจริญวงศ์,krungsri,Name
127,Chalee Pichitcharoenwong,krungsri,Name
128,นาย สุรยุทธ์ ภัชรภิรมย์,krungsri,Name
129,Surayuth Patcharapirom,krungsri,Name
130,นาย สุรยน สุขเกษร,krungsri,Name
131,Surayon Sukkesorn,krungsri,Name
132,นาย ยศพัฒน์ ทรัพย์ศิลา,scb,Name
133,Yossapat Sabsila,kbank,Name
134,นาย จันทรวิภา ลือขำ,kbank,Name
135,Janwipa Luekham,scb,Name
136,นาย ธัญญรัตน์ มิ่งมาลา,scb,Name
137,Thanyarat Mingmala,bll,Name
138,นาย ธนพัฒน์ ตรีทรัพย์,krungsri,Name
139,Thanapat Treesup,scb,Name
140,นาย ฉัตรชยา ชนะสมบัติ,bll,Name
141,Chatchaya Chanasombat,bll,Name
142,นาย ธนวิทย์ รัตนกิจสกุล,scb,Name
143,Thanawit Rattanakijsakul,kbank,Name
144,นาย ติณณภพ ศิริไล,krungsri,Name
145,Tinnapob Sirilai,scb,Name
146,นาย พงษ์ รุ่งรัศมีทรัพย์,kbank,Name
147,Pong Rungrassameesab,kbank,Name
148,นาย ธรรมรัตน์ สิริปัจทรัพย์,kbank,Name
149,Thammarat Siripachasab,bll,Name
150,นาย ชานนท์ มิ่งมาลา,scb,Name
151,Chanon Mingmala,kbank,Name
152,นาย ปิยะพัทธ์ พุ่มสนธิ,scb,Name
153,Piyapat Poomsonthi,bll,Name
154,นาย พัชรวรรธ ห้าวหาญ,bll,Name
155,Pacharawat Haoharn,bll,Name
156,นาย พงษ์ศักดิ์ โพธิ์สำราญ,krungsri,Name
157,Pongsak Posamran,bll,Name
158,นาย ลักษิกา ตรีทรัพย์,bll,Name
159,Laksika Treesup,bll,Name
160,นาย ณิชา ปิติจำเริญ,krungsri,Name
161,Nicha Pitijamroen,krungsri,Name
162,นาย พิสชา อุดมเดชรักษา,bll,Name
163,Pisacha Udomdechraksa,scb,Name
164,นาย จันทรวิมล จันทร์มณี,bll,Name
165,Janwimon Janmanee,krungsri,Name
166,นาย รติมา วงวรางค์,bll,Name
167,Ratima Wongwarang,krungsri,Name
168,นาย ชัญญา ก้องเกษมทรัพย์,scb,Name
169,Chanya Gongkasemsab,kbank,Name
170,นาย นิตย์รดี อุดมภักดิ์,bll,Name
171,Nitradee Udompak,bll,Name
172,นาย คงเกียรติ สันติสุข,bll,Name
173,Kongkiat Santisuk,krungsri,Name
174,นาย สุชาติ ชัยเจริญ,bll,Name
175,Suchart Chaijaroen,krungsri,Name
176,นาย อธิฐาน วงวิไล,krungsri,Name
177,Atitan Wongwilai,kbank,Name
178,นาย ปัณยตา วีระกิตธนา,krungsri,Name
179,Panyata Weerakittana,scb,Name
180,นาย ปองภพ วงวิไล,krungsri,Name
181,Pongpob Wongwilai,scb,Name
182,นาย ธนวรรธน์ โตศิลา,kbank,Name
183,Thanawat Tosila,scb,Name
184,นาย ธนารีย์ บุญเทพ,scb,Name
185,Thanaree Boonthep,krungsri,Name
186,นาย ณัฐวดี โตศิลา,kbank,Name
187,Nattawadee Tosila,kbank,Name
188,นาย ฉัตรพล พินิจนันท์,krungsri,Name
189,Chatpol Pinijnan,kbank,Name
190,นาย วิมลวรรณ วงศ์วริศธารา,bll,Name
191,Wimonwan Wongwarittara,kbank,Name
192,นาย ตุลยากร อินทรเกียรติ,krungsri,Name
193,Tunyakorn Intarakiat,krungsri,Name
194,นาย กฤติธัช พงษ์ธนาพัฒน์,kbank,Name
195,Krititach Pongtanapat,scb,Name
196,นาย อาชาไนย ศิลาดี,kbank,Name
197,Achanai Siladee,bll,Name
198,นาย นวรัตน์ กลิ่นเพชร,bll,Name
199,Nawarat Glinpetch,scb,Name
200,นาย ปองเดช โสภาภักดิ์,kbank,Name
201,Pongdech Sopapak,kbank,Name
202,นาย ธาม ก้องวัฒนะกุล,kbank,Name
203,Tham Kongwiwattanasakul,krungsri,Name
204,นาย นวิยา ชัยเจริญ,kbank,Name
205,Nawiya Chaijaroen,kbank,Name
206,นาย กรภัทร เกียรติบวรสกุล,scb,Name
207,Korapat Kiatbawonsakul,bll,Name
208,นาย นาถธรรม เกียรติบวรสกุล,krungsri,Name
209,Nattatham Kiatbawonsakul,kbank,Name
210,นาย ชนวรรณ อุดมเอก,krungsri,Name
211,Chanawan Udomaek,bll,Name
212,นาย ชยา สตาภิรมย์,bll,Name
213,Chaya Satapirom,krungsri,Name
214,นาย ชนวรรณ อรุณรุ่ง,kbank,Name
215,Chanawan Arunrung,bll,Name
216,นาย โศภิตา พัฒนปรีชา,bll,Name
217,Sopita Patanapreecha,bll,Name
218,นาย วีระพล สุขประเสริญ,scb,Name
219,Weerapol Sukprasert,kbank,Name
220,นาย โถมนะ สตาภิรมย์,scb,Name
221,Tomana Satapirom,kbank,Name
222,นาย นิรดา ถนอมจิต,krungsri,Name
223,Nirada Tanomjit,scb,Name
224,นาย พงษ์อนันต์ อุดมวงศ์,kbank,Name
225,Ponganan Udomwong,bll,Name
226,นาย พัฒนพล เกียรติโกศล,kbank,Name
227,Pattanapon Kiatkosol,krungsri,Name
228,นาย กิตติธร จันทรพร,scb,Name
229,Kittitorn Jantaraporn,bll,Name
230,นาย ปัณฑา เรืองรังสรรค์,kbank,Name
231,Panta Ruengrangsan,krungsri,Name
232,นาย นิตย์รดี รุ่งฤดี,scb,Name
233,Nitradee Roongrudee,krungsri,Name
234,นาย เตชธรร กิติสมพงศ์,krungsri,Name
235,Techathorn Kittisompong,bll,Name
236,นาย เขมิกา ทรัพย์มา,scb,Name
237,Kemika Sabma,scb,Name
238,นาย พิชญาภรณ์ ธรรมภักดิ์,scb,Name
239,Pichayaporn Thammapak,krungsri,Name
240,นาย จิราพร อุดมเอก,scb,Name
241,Jiraporn Udomaek,kbank,Name
242,นาย บัลยงก์ วรภัทรศิริสกุล,bll,Name
243,Banyong Worapaksirisakul,bll,Name
244,นาย จิรัณ กระจ่างจิต,scb,Name
245,Jiran Krajangjit,bll,Name
246,นาย แววพรรณ แสงดารา,krungsri,Name
247,Waewpan Sangdara,bll,Name
248,นาย ณิชาภา วงศ์วริศธารา,bll,Name
249,Nichapa Wongwarittara,krungsri,Name
250,น.ส. ตุลย์ ธนากานต์,krungsri,Name
251,Tun Tanakarn,bll,Name
252,น.ส. ชนัย สิริปัจทรัพย์,bll,Name
253,Chanai Siripachasab,kbank,Name
254,น.ส. ภัทรพร เรืองรังสรรค์,krungsri,Name
255,Patraporn Ruengrangsan,krungsri,Name
256,น.ส. ชญานี โชคชัย,scb,Name
257,Chayanee Chokchai,krungsri,Name
258,น.ส. นรวร ชัยเจริญ,bll,Name
259,Narawon Chaijaroen,bll,Name
260,น.ส. ธาริน ช้างทอง,krungsri,Name
261,Tarin Changthong,bll,Name
262,น.ส. ปวิตรา ธรรมวงศ์,bll,Name
263,Pawitra Thammawong,krungsri,Name
264,น.ส. ภาดา จันทรประการ,bll,Name
265,Pada Jantaraprakarn,kbank,Name
266,น.ส. ญาดา ชาติสมบัติ,bll,Name
267,Yada Chartsombat,bll,Name
268,น.ส. วันชัย ภัชรภิรมย์,kbank,Name
269,Wanchai Patcharapirom,kbank,Name
270,น.ส. กลวัชร จิตรจำเริญรุ่ง,kbank,Name
271,Kolawach Jitjamroenrung,scb,Name
272,น.ส. ศรัณย์ เรืองทิพย์,bll,Name
273,Saran Roengtip,scb,Name
274,น.ส. ฉัตรพล ศรีสดุดี,kbank,Name
275,Chatpol Srisadudee,scb,Name
276,น.ส. กิตติพร พิจิตเจริญวงศ์,scb,Name
277,Kittiporn Pichitcharoenwong,bll,Name
278,น.ส. บุญญาพร ธาดาวรวงศ์,kbank,Name
279,Bunyaporn Tadaworawong,kbank,Name
280,น.ส. ธาริกา สว่างวิทยา,scb,Name
281,Tharika Sawangwittaya,scb,Name
282,น.ส. อภิลดา สว่างวิทยา,bll,Name
283,Apinda Sawangwittaya,bll,Name
284,น.ส. กรชวัล วิไลรัตน์,bll,Name
285,Konchawan Wilairat,scb,Name
286,น.ส. วิมลวรรณ วัชรกิจ,kbank,Name
287,Wimonwan Watcharakij,krungsri,Name
288,น.ส. กิตติพร อุดมเสก,scb,Name
289,Kittiporn Udomsek,scb,Name
290,น.ส. ครองขวัญ ปรีดาศิริกุล,kbank,Name
291,Krongkwan Preedasirikul,kbank,Name
292,น.ส. รุ่งโรจน์ จงจรรยา,krungsri,Name
293,Roongroj Jongjanya,krungsri,Name
294,น.ส. อนันต์ ชัยชนา,bll,Name
295,Anan Chaichana,kbank,Name
296,น.ส. ณัฏฐกิตติ์ จันทรเพ็ญ,bll,Name
297,Nattakit Janpen,kbank,Name
298,น.ส. ชนิตรา คำเอี่ยม,kbank,Name
299,Chanitra Kamiam,krungsri,Name
300,น.ส. ณิชาภา ปิติวัฒน์,bll,Name
301,Nichapa Pitiwat,scb,Name
302,น.ส. พนาวัฒน์ ทรัพย์มา,bll,Name
303,Panawat Sabma,scb,Name
304,น.ส. นิรัช จิตรจำเริญรุ่ง,bll,Name
305,Nirach Jitjamroenrung,bll,Name
306,น.ส. อภิชญา วีระกิตธนา,bll,Name
307,Apichaya Weerakittana,scb,Name
308,น.ส. สุนิษา อินทรประสาท,kbank,Name
309,Sunisa Intaraprasart,krungsri,Name
310,น.ส. พสิษฐ์ อินทรประสาท,bll,Name
311,Pasit Intaraprasart,krungsri,Name
312,น.ส. ใจภักดิ์ สุพรรณภาคิน,bll,Name
313,Jaipak Supannapakin,scb,Name
314,น.ส. รัญชนา เจริญกาณต์,krungsri,Name
315,Ranchana Jaroenkan,krungsri,Name
316,น.ส. พงศ์พิสุทธิ์ กาญจนมาศ,kbank,Name
317,Pongpisut Kanjanamas,scb,Name
318,น.ส. กรรณสิกา แสงสว่าง,kbank,Name
319,Kansika Sangsawang,scb,Name
320,น.ส. พิสชา พงศ์พิไล,kbank,Name
321,Pisacha Pongpilai,krungsri,Name
322,น.ส. ใจภักดิ์ อินทรประสาท,bll,Name
323,Jaipak Intaraprasart,kbank,Name
324,น.ส. สุพิญญา ลือขำ,scb,Name
325,Supinya Luekham,kbank,Name
326,น.ส. แพรวา จันทรเพ็ญ,bll,Name
327,Praewa Janpen,kbank,Name
328,น.ส. ชนกนันท์ โอภาสพัฒน์,scb,Name
329,Chanoknan Opaspat,krungsri,Name
330,น.ส. เอกภาพ ต้นทอง,scb,Name
331,Aekapab Tontong,bll,Name
332,น.ส. ปภาวดี รุ่งฤดี,bll,Name
333,Papawadee Roongrudee,kbank,Name
334,น.ส. นิษฐา เจริญกาณต์,bll,Name
335,Nitta Jaroenkan,bll,Name
336,น.ส. ธนินทร์ ปรีชาวงศ์,krungsri,Name
337,Thanin Preechawong,scb,Name
338,น.ส. ติณณภพ สุวรรณโชค,scb,Name
339,Tinnapob Suwannachok,krungsri,Name
340,น.ส. ธฤติพันธ์ ไชยสงคราม,krungsri,Name
341,Thitipan Chaisongkram,scb,Name
342,น.ส. บริวัตร ศิริโกศล,kbank,Name
343,Boriwan Sirikoson,bll,Name
344,น.ส. จันทรวิมล ไม้ทอง,krungsri,Name
345,Janwimon Maithong,bll,Name
346,น.ส. นรวร จันทรประการ,krungsri,Name
347,Narawon Jantaraprakarn,kbank,Name
348,น.ส. พาฝัน แสงตะวัน,krungsri,Name
349,Pafun Sangtawan,krungsri,Name
350,น.ส. วิชญาพร สถานนท์,krungsri,Name
351,Wichayaporn Satanon,kbank,Name
352,น.ส. ศศิมา ศิริวรภัทร,scb,Name
353,Sasima Siriworapat,krungsri,Name
354,น.ส. จิรโชติ วัชรจิระกุล,kbank,Name
355,Jirachoti Watcharajirakul,kbank,Name
356,น.ส. ตฤณ รุ่งรัศมีทรัพย์,krungsri,Name
357,Trin Rungrassameesab,scb,Name
358,น.ส. ดารินทร์ ศิริธาดา,bll,Name
359,Darin Siritada,kbank,Name
360,น.ส. นิรัช สว่างเสนา,kbank,Name
361,Nirach Sawangsena,kbank,Name
362,น.ส. ทรัพย์ธนิดา เจริญกาณต์,bll,Name
363,Sapthanida Jaroenkan,bll,Name
364,น.ส. กนกวรรณ สุวรรณโชติ,krungsri,Name
365,Kanokwan Suwannachoti,bll,Name
366,น.ส. ปริญ มงคลภักดี,kbank,Name
367,Parin Mongkolpakdee,kbank,Name
368,น.ส. ปวิชญา เผ่ารอด,bll,Name
369,Pawichaya Paorod,kbank,Name
370,น.ส. ธาวิน คมสกุล,scb,Name
371,Thawin Komsakul,bll,Name
372,น.ส. บดินทร์ พินิจนันท์,kbank,Name
373,Bodin Pinijnan,krungsri,Name
374,น.ส. ปัณฑา รัศมีเดช,scb,Name
375,Panta Rassameedech,scb,Name
376,น.ส. วีระพล กลิ่นโพธิ์,kbank,Name
377,Weerapol Glinpoh,krungsri,Name
378,น.ส. ธาริน มั่นคง,kbank,Name
379,Tarin Mankong,krungsri,Name
380,น.ส. จันทรรัตน์ วงวิไล,bll,Name
381,Jantrarat Wongwilai,krungsri,Name
382,น.ส. ปิติภัทร ชาติพิภักดิ์,bll,Name
383,Pitipat Chartpipak,scb,Name
384,น.ส. ปวิตรา ศิริโกศล,kbank,Name
385,Pawitra Sirikoson,scb,Name
386,น.ส. ปรียาดา บุญเทพ,kbank,Name
387,Preeyada Boonthep,scb,Name
388,น.ส. เทวิกา สุขเกษร,kbank,Name
389,Tewika Sukkesorn,bll,Name
390,น.ส. ปฤษณา ไชยสงคราม,kbank,Name
391,Prisana Chaisongkram,krungsri,Name
392,น.ส. จิโรจน์ พันธ์ภูผา,krungsri,Name
393,Jiroj Panphupa,krungsri,Name
394,น.ส. ภูริณัฐ ธนเกียรติโกศล,bll,Name
395,Phurinat Tanakiatkosol,krungsri,Name
396,น.ส. ณิชนันทน์ ก้องกิจ,kbank,Name
397,Nichanan Kongkij,bll,Name
398,น.ส. นันทิญา รัตนกิจโกศล,krungsri,Name
399,Nantiya Rattanakijkosol,scb,Name
400,น.ส. ชุติมณฑน์ ก้องเกียรติสกุล,kbank,Name
401,Chutimon Gongkiatsakul,krungsri,Name
402,น.ส. สุปรีญา ศรีวรรณวิไล,scb,Name
403,Supreeya Sriwanwilai,kbank,Name
404,น.ส. สุภิญญา รัตนพิรมย์,kbank,Name
405,Supinya Ratanapirom,scb,Name
406,น.ส. พรทิพา ธรรมภักดิ์,kbank,Name
407,Porntipa Thammapak,krungsri,Name
408,น.ส. รัชชนก จิตวรเวช,scb,Name
409,Rachanok Jittaworawetch,kbank,Name
410,น.ส. ธารา วงศ์สุรวัฒนา,kbank,Name
411,Tara Wongsurawattana,kbank,Name
412,น.ส. ภูริพัฒน์ จันทรเพ็ญ,bll,Name
413,Phuripat Janpen,scb,Name
414,น.ส. วรรณภา สุวรรณวงศ์,kbank,Name
415,Wannapa Suwannawong,scb,Name
416,น.ส. สุพิญญา ปิติโอภาสพงศ์,scb,Name
417,Supinya Pitiopaspong,krungsri,Name
418,น.ส. พงษ์ นันทพิวัฒน์,kbank,Name
419,Pong Natapiwat,kbank,Name
420,น.ส. บรรณวรรณ สุวรรณเวชธาดา,krungsri,Name
421,Bannawan Suwanwechatada,krungsri,Name
422,น.ส. วัศยา วีระกิตธนา,kbank,Name
423,Wasaya Weerakittana,kbank,Name
424,น.ส. ธนพัต มาลัยแก้ว,krungsri,Name
425,Thanapat Malaikaew,scb,Name
426,น.ส. ชาลี สายสำอาง,krungsri,Name
427,Chalee Saisamang,scb,Name
428,น.ส. สุพิชฌาย์ ปิติทัศน์,krungsri,Name
429,Supitcha Pititat,krungsri,Name
430,น.ส. กนิษฐา สุวรรณเวชธาดา,bll,Name
431,Kanitta Suwanwechatada,scb,Name
432,น.ส. พงษ์นรินทร์ นันทพินิจ,bll,Name
433,Pongnarin Nantapinij,scb,Name
434,น.ส. ลักษ์วิสา แสงกระจ่าง,scb,Name
435,Lakvisa Sangkrajang,scb,Name
436,น.ส. ธารมิกา พันธ์ภูผา,bll,Name
437,Thanmika Panphupa,bll,Name
438,น.ส. พริมา ยิ่งงาม,scb,Name
439,Parima Yinggnam,scb,Name
440,น.ส. ภูวนัย ประสานวงศ์,kbank,Name
441,Phuwanai Prasanwong,scb,Name
442,น.ส. เมนิลา บุญดี,scb,Name
443,Menila Boondee,kbank,Name
444,น.ส. ภูวดี ต้นทอง,kbank,Name
445,Puwadee Tontong,kbank,Name
446,น.ส. จิรโชติ เหล่าสกุล,krungsri,Name
447,Jirachoti Laosakul,scb,Name
448,น.ส. พีรดา กระจ่างวงศ์,kbank,Name
449,Peerada Krajangwong,bll,Name
450,น.ส. กมลภา จุลพัฒน์,kbank,Name
451,Kamonpa Julapat,krungsri,Name
452,น.ส. นิตย์รดี วรภัทรศิริสกุล,kbank,Name
453,Nitradee Worapaksirisakul,bll,Name
454,น.ส. ปภาวิน กลิ่นเพชร,bll,Name
455,Paphawin Glinpetch,kbank,Name
456,น.ส. กรชวัล ช้างทอง,scb,Name
457,Konchawan Changthong,scb,Name
458,น.ส. ภูวนัย เกียรติสกุล,bll,Name
459,Phuwanai Kiatsakul,krungsri,Name
460,น.ส. ชิดชนก ปรีดาอัครกุล,scb,Name
461,Chidchanok Preedaangkarakul,scb,Name
462,น.ส. ปวิชญา สุพรรณภาคิน,scb,Name
463,Pawichaya Supannapakin,kbank,Name
464,น.ส. ติณณภพ ธนากร,bll,Name
465,Tinnapob Thanakorn,bll,Name
466,น.ส. จันทรชา ปิติโอภาสพงศ์,scb,Name
467,Jantaracha Pitiopaspong,bll,Name
468,น.ส. หฤทัย แสงสว่าง,scb,Name
469,Harutai Sangsawang,krungsri,Name
470,น.ส. ธรรมรัตน์ พิกุลเทพ,bll,Name
471,Thammarat Pikulthep,bll,Name
472,น.ส. ลาภิน ลือขำ,bll,Name
473,Lapin Luekham,scb,Name
474,น.ส. บรรณวรรณ ปิติวัฒน์,bll,Name
475,Bannawan Pitiwat,kbank,Name
476,น.ส. ฐานทัต แสงตะวัน,bll,Name
477,Thantat Sangtawan,scb,Name
478,น.ส. อนุกูล ทรัพย์มั้นคง,scb,Name
479,Anukul Sabmankong,kbank,Name
480,น.ส. ดรุนัย ชัยเจริญ,kbank,Name
481,Darunai Chaijaroen,bll,Name
482,น.ส. ปาลิกา มหาเมธี,bll,Name
483,Palika Mahametee,scb,Name
484,น.ส. ดาวิกา คมสกุล,bll,Name
485,Davika Komsakul,bll,Name
486,น.ส. นภัสสร พันธ์ภูผา,krungsri,Name
487,Napatsorn Panphupa,bll,Name
488,น.ส. โถมนะ ไชยสงคราม,scb,Name
489,Tomana Chaisongkram,kbank,Name
490,น.ส. สุพิชฌาย์ เมธากิจขจร,kbank,Name
491,Supitcha undefined,kbank,Name
492,น.ส. ปรียาวดี ศิริโกศล,scb,Name
493,Preeyawadee Sirikoson,scb,Name
494,น.ส. นวพร ห้าวหาญ,kbank,Name
495,Nawaporn Haoharn,krungsri,Name
496,น.ส. ธัญพร นันทพจน์,scb,Name
497,Thanyaporn Nantapoj,scb,Name
498,น.ส. ภาวิดา ศรีสดุดี,scb,Name
499,Pavida Srisadudee,bll,Name
500,Kulaporn Intarakiat,kbank,Name
501,Pornpinit Roongrudee,bll,Name
502,Thayanee Tanakarn,bll,Name
503,Dejwit Supannapakin,bll,Name
504,Tiraput Pongpinij,scb,Name
505,Chanaporn Wongwilai,krungsri,Name
506,Bunyaporn Wattanasakmontri,kbank,Name
507,Kwanrat Malaikaew,bll,Name
508,Praewa Pikulthep,krungsri,Name
509,Harutai Nantapoj,kbank,Name
510,Pongsit Tontong,scb,Name
511,Yata Rattanasetha,kbank,Name
512,Setha Rattanaprasert,kbank,Name
513,Korn Sisaard,bll,Name
514,Chanon Sirilai,scb,Name
515,Natinee Sansuwannawong,scb,Name
516,Surapong Intarakiat,scb,Name
517,Krititach Siriworapat,kbank,Name
518,Pan Siriworapat,kbank,Name
519,Naret Preechawong,scb,Name
520,Nat Lertwittaya,krungsri,Name
521,Kanokporn Jittaworawetch,scb,Name
522,Nathayu Arunchai,kbank,Name
523,Boonpoj Rassameedech,kbank,Name
524,Janyaporn Sawangsena,krungsri,Name
525,Yossapol Kajornsakkosol,kbank,Name
526,Prinya Intarakiat,bll,Name
527,Sasiwimon Kanjanamas,scb,Name
528,Pongsit Sanlerd,bll,Name
529,Karan Paisarn,bll,Name
530,Panta Sangthong,krungsri,Name
531,Pawitra Mankong,kbank,Name
532,Pichai Kiatkosol,scb,Name
533,Nattanan Pongpanitch,scb,Name
534,Nantiporn Raksasab,bll,Name
535,Pimpa Komsakul,scb,Name
536,Piyarom Wilairat,krungsri,Name
537,Pachari Lertwittaya,krungsri,Name
538,Thanawat Mongkonman,krungsri,Name
539,Paphawin Jantarapipat,kbank,Name
540,Pongpob Srisoi,bll,Name
541,Pichayapa Natapiwat,kbank,Name
542,Setha Jantarasombat,bll,Name
543,Katriya Udomwittaya,bll,Name
544,Piyarom Mongkonman,scb,Name
545,Lapin Samransub,bll,Name
546,Sasiporn Maithong,kbank,Name
547,Non Mankong,bll,Name
548,Pawimon Surasakudom,krungsri,Name
549,Kayanee Udomsab,bll,Name
550,Aekapob Worawongkunakorn,kbank,Name
551,Nattapol Watcharasopon,krungsri,Name
552,Boriwan Sritong,kbank,Name
553,Sirisak Patcharapreeda,bll,Name
554,Prapol Prachayut,kbank,Name
555,Janwipa Sayananon,scb,Name
556,Kanokpat Krajangjit,scb,Name
557,Nat Watcharasopon,scb,Name
558,Kanokpong Tarawong,bll,Name
559,Nirach Kiatkosol,scb,Name
560,Thitipan Suwannachoti,bll,Name
561,Traitod Weerachoti,bll,Name
562,Nattha Boonthep,scb,Name
563,Thaned Kraipob,bll,Name
564,Prompong Haoharn,kbank,Name
565,Wasaya Patamadecha,krungsri,Name
566,Nipit Weerapakmethee,scb,Name
567,Theerayan Rassameedech,krungsri,Name
568,Korapol Rattanaarun,bll,Name
569,Chayud Sirianan,scb,Name
570,Tewika Singkow,scb,Name
571,Prema Phungam,kbank,Name
572,Tisaya Siladee,kbank,Name
573,Nichaporn Kwankaew,krungsri,Name
574,Wichayaporn Sangtawan,bll,Name
575,Chachaya Kommak,bll,Name
576,Karintip Chaichana,krungsri,Name
577,Chayapoom Aekopas,bll,Name
578,Rosanan Nantapak,krungsri,Name
579,Thapana Wongsurawattana,krungsri,Name
580,Suchavadi Wichienchan,bll,Name
581,Jon Pongtana,scb,Name
582,Suchada Mongkolpakdee,kbank,Name
583,Aekachat Pongtana,krungsri,Name
584,Chayon Tosila,krungsri,Name
585,Jantip Mankong,krungsri,Name
586,Mesa Wongwarittara,scb,Name
587,Thawan Kiatbawonsakul,scb,Name
588,Sek Glinpetch,scb,Name
589,Laila Pongtanapat,bll,Name
590,Phoompat Pongpiroj,bll,Name
591,Nattanan Pongtanapat,krungsri,Name
592,Possathorn Laisri,scb,Name
593,Janyaporn Laosakul,kbank,Name
594,Pongpob Sirianan,scb,Name
595,Laksika Suwanwechatada,kbank,Name
596,Non Wattanasaksakul,bll,Name
597,Chama Jaroensakul,kbank,Name
598,Chatchaya Changthong,kbank,Name
599,Bodin Samransub,krungsri,Name
600,Supichaya Lertkoonawong,scb,Name
601,Korakot Sawangsena,kbank,Name
602,Bannawan Chotipanitch,bll,Name
603,Pavida Treepongsakul,bll,Name
604,Korakot Thanakorn,scb,Name
605,Peerada Nirakorn,kbank,Name
606,Pongpisut Tasanaroeng,bll,Name
607,Aekachat Sritong,krungsri,Name
608,Jiran Sopapak,bll,Name
609,Pongpon Pongpinij,krungsri,Name
610,Sarawaree Kaewwilai,scb,Name
611,Pongpisut Arunchai,krungsri,Name
612,Thawin Tiritara,scb,Name
613,Patama Chotipanitch,scb,Name
614,Thanapat Nantapoj,krungsri,Name
615,Punyisa Boondee,scb,Name
616,Janya Pititat,bll,Name
617,Chatree Wongwarittara,bll,Name
618,Waranthorn Sirilai,scb,Name
619,Jakkapob Komsakul,kbank,Name
620,Chanawan Rattanaarun,kbank,Name
621,Nichamon Julapat,bll,Name
622,Narong Tosila,bll,Name
623,Opas Chanasombat,scb,Name
624,Korapol Jirawanitch,scb,Name
625,นาง ณิชา สุวรรณโชค,krungsri,Name
626,Nicha Suwannachok,bll,Name
627,นาง ลักษิมา ชัยชนา,kbank,Name
628,Laksima Chaichana,kbank,Name
629,นาง ไลลา ศิริธารา,bll,Name
630,Laila Tiritara,scb,Name
631,นาง จรรยพร พัฒน์ธนโกศล,bll,Name
632,Janyaporn Patanakosol,scb,Name
633,นาง กร ธรรมวงศ์,scb,Name
634,Korn Thammawong,krungsri,Name
635,นาง รชานนท์ ตรีวุฒิ,kbank,Name
636,Rachanon Treewuth,scb,Name
637,นาง ปริญญา คำเอี่ยม,bll,Name
638,Prinya Kamiam,kbank,Name
639,นาง พสธร อุดมเอก,bll,Name
640,Possathorn Udomaek,kbank,Name
641,นาง ธนิตย์ วีรภัทรเมธี,scb,Name
642,Tanit Weerapakmethee,krungsri,Name
643,นาง จักร ภูงาม,krungsri,Name
644,Jak Phungam,kbank,Name
645,นาง ทรัพย์ธนิดา นันทพจน์,krungsri,Name
646,Sapthanida Nantapoj,krungsri,Name
647,นาง สิรภพ ปิ่นแก้ว,kbank,Name
648,Sirapob Pinkaew,bll,Name
649,นาง ปิติภัทร วีระกิตธนา,scb,Name
650,Pitipat Weerakittana,krungsri,Name
651,นาง สุรเดช อรุณฉาย,bll,Name
652,Suradech Arunchai,kbank,Name
653,นาง กนกพงศ์ ธนเกียรติโกศล,krungsri,Name
654,Kanokpong Tanakiatkosol,scb,Name
655,นาง วิมลพร เหล่าอรุณ,krungsri,Name
656,Wimonporn Laoarun,kbank,Name
657,นาง ปวิชญา ทรัพย์มั้นคง,bll,Name
658,Pawichaya Sabmankong,scb,Name
659,นาง โอภาสพงศ์ โอภาสพัฒน์,krungsri,Name
660,Opaspong Opaspat,scb,Name
661,นาง สิรภพ วรภัทรศิริสกุล,krungsri,Name
662,Sirapob Worapaksirisakul,scb,Name
663,นาง ปวีณา วีระกิตธนา,scb,Name
664,Paweena Weerakittana,scb,Name
665,นาง สุนิสา แสนสุวรรณวงศ์,bll,Name
666,Sunisa Sansuwannawong,krungsri,Name
667,นาง จันทรัตว์ วรวงศ์คุณากร,scb,Name
668,Jantarat Worawongkunakorn,scb,Name
669,นาง ชิดชนก จันทรเกียรติ,krungsri,Name
670,Chidchanok Jantarakiat,kbank,Name
671,นาง กิตติทัศน์ สุขทิพย์,scb,Name
672,Kittitat Suktip,scb,Name
673,นาง วีรเกียรติ จันทรเพ็ญ,scb,Name
674,Weerakiat Janpen,kbank,Name
675,นาง ภคพล เจริญทิพย์,bll,Name
676,Pakapol Jaroentip,scb,Name
677,นาง บวรวิทย์ วงศ์วริศธารา,kbank,Name
678,Bawonwit Wongwarittara,bll,Name
679,นาง ขยานี อุดมเสก,scb,Name
680,Kayanee Udomsek,bll,Name
681,นาง กมลฉันท์ ปรางค์ทรัพย์,scb,Name
682,Kamonchan Prangsub,scb,Name
683,นาง ธาม กิติสมพงศ์,bll,Name
684,Tham Kittisompong,kbank,Name
685,นาง ปวัญญา จันทรเกียรติ,krungsri,Name
686,Pawanya Jantarakiat,krungsri,Name
687,นาง ปัณยตา ตั้งตระกูลเจริญ,kbank,Name
688,Panyata Tangjareonsakul,bll,Name
689,นาง ชัชชน จรัสโสภณ,bll,Name
690,Chatchon Jarassopon,kbank,Name
691,นาง พิชญาภรณ์ พงศ์พิไล,kbank,Name
692,Pichayaporn Pongpilai,bll,Name
693,นาง กนกวรรณ สันติภิภักดิ์,kbank,Name
694,Kanokwan Santipipak,krungsri,Name
695,นาง ภาวิดา เหล่าอรุณ,kbank,Name
696,Pavida Laoarun,scb,Name
697,นาง โอภาส รัตนกิจสกุล,bll,Name
698,Opas Rattanakijsakul,krungsri,Name
699,นาง นิรดา จุลพัฒน์,scb,Name
700,Nirada Julapat,bll,Name
701,นาง อัณณ์ โอภาสพงส์,kbank,Name
702,An Opaspong,krungsri,Name
703,นาง ปาณิศา อุดมทรัพย์,scb,Name
704,Panisa Udomsab,kbank,Name
705,นาง ภาวิดา แสงสว่าง,scb,Name
706,Pavida Sangsawang,kbank,Name
707,นาง สุนิษา รัตนาประสิทธิ์,scb,Name
708,Sunisa Rattanaprasit,bll,Name
709,นาง เรวิทย์ สว่างวิทยา,kbank,Name
710,Rewit Sawangwittaya,kbank,Name
711,นาง นัทนิธิ วงวรางค์,bll,Name
712,Natniti Wongwarang,bll,Name
713,นาง ปวันรัตน์ สีสะอาด,scb,Name
714,Pawanrat Sisaard,krungsri,Name
715,นาง กนกพงศ์ ห้าวหาญ,kbank,Name
716,Kanokpong Haoharn,bll,Name
717,นาง อนุกูล ประสานวงศ์,krungsri,Name
718,Anukul Prasanwong,kbank,Name
719,นาง โสรัตน์ วงศ์วริศธารา,krungsri,Name
720,Sorat Wongwarittara,kbank,Name
721,นาง ลักษ์วิสา พิจิตเจริญวงศ์,scb,Name
722,Lakvisa Pichitcharoenwong,scb,Name
723,นาง ณัฐวิโรจน์ พาสกุล,bll,Name
724,Natwiroj Pasakul,scb,Name
725,นาง จันทรรัตน์ พงศ์พาณิชย์,krungsri,Name
726,Jantrarat Pongpanitch,scb,Name
727,นาง จิราพร ประชายุต,kbank,Name
728,Jiraporn Prachayut,bll,Name
729,นาง อนันกร เกษมทรัพย์,scb,Name
730,Anankorn Kasemsub,scb,Name
731,นาง กนกพร สิริปัจทรัพย์,kbank,Name
732,Kanokporn Siripachasab,bll,Name
733,นาง พงษ์นรินทร์ ไชยสงคราม,bll,Name
734,Pongnarin Chaisongkram,krungsri,Name
735,นาง อธิฐาน ชัยภูมิ,krungsri,Name
736,Atitan Chaiyapoom,scb,Name
737,นาง ถิรพุทธ ศิลาดี,bll,Name
738,Tiraput Siladee,kbank,Name
739,นาง ปัณยตา โชตวาณิช,bll,Name
740,Panyata Chotawanich,scb,Name
741,นาง ทิษยา สีสะอาด,bll,Name
742,Tisaya Sisaard,bll,Name
743,นาง กนกกร พัฒนปรีชา,krungsri,Name
744,Kanokkorn Patanapreecha,krungsri,Name
745,นาง ภูริวัฒน์ รุ่งรัศมีทรัพย์,kbank,Name
746,Phuriwat Rungrassameesab,bll,Name
747,นาง ธารมิกา ปิติโอภาสพงศ์,kbank,Name
748,Thanmika Pitiopaspong,krungsri,Name
749,นาง บดินทร์ ศิริไล,bll,Name
750,Bodin Sirilai,scb,Name
751,นาง กชพรรณ ศรีสร้อย,kbank,Name
752,Kochapan Srisoi,bll,Name
753,นาง กัญจนพร ปรางค์ทรัพย์,kbank,Name
754,Kanjanaporn Prangsub,krungsri,Name
755,นาง สุรวัฒน์ วิเชียรชาญ,scb,Name
756,Surawat Wichienchan,krungsri,Name
757,นาง ชยา ปิ่นแก้ว,kbank,Name
758,Chaya Pinkaew,scb,Name
759,นาง ชนิตรา วงศ์ทิพย์,kbank,Name
760,Chanitra Wongtip,bll,Name
761,นาง ปฤษณา ตั้งทิพย์,kbank,Name
762,Prisana Tangtip,bll,Name
763,นาง ชมนาด ธนากานต์,scb,Name
764,Chomanad Tanakarn,scb,Name
765,นาง นันยศ สุขทิพย์,scb,Name
766,Nannayot Suktip,krungsri,Name
767,นาง ธนิดา เจริญผลวัฒนา,kbank,Name
768,Tanida Jaroenpolwattana,scb,Name
769,นาง นิติธร ห้าวหาญ,krungsri,Name
770,Nitithorn Haoharn,krungsri,Name
771,นาง ขวัญ ขจรเกียรติสกุล,krungsri,Name
772,Kwan Kajornkiatsakul,kbank,Name
773,นาง นันท์นพิน จันทรพิพัฒน์,scb,Name
774,Nannapin Jantarapipat,krungsri,Name
775,นาง ปวีณา ภัชรภิรมย์,krungsri,Name
776,Paweena Patcharapirom,kbank,Name
777,นาง ภาวิดา มั่นคงประสิทธิ์,bll,Name
778,Pavida Mankongprasit,krungsri,Name
779,นาง บุญญาพร แสงสุวรรณ,kbank,Name
780,Bunyaporn Sangsuwan,kbank,Name
781,นาง พิมพา สันติกสุล,kbank,Name
782,Pimpa Santisakul,kbank,Name
783,นาง วรยศ อรุณรุ่ง,krungsri,Name
784,Worayot Arunrung,bll,Name
785,นาง ยศธร เอกโอภาส,krungsri,Name
786,Yossathorn Aekopas,bll,Name
787,นาง ตีรณา ธนากร,scb,Name
788,Teerana Thanakorn,kbank,Name
789,นาง ชยพัทธ์ แสงสว่าง,bll,Name
790,Chayapat Sangsawang,kbank,Name
791,นาง ดลวา แสงทอง,kbank,Name
792,Dolawa Sangthong,bll,Name
793,นาง เกณิกา จันทรสมบูรณ์,kbank,Name
794,Kenika Jantarasomboon,krungsri,Name
795,นาง กิตติ วัฒนกิจเวช,kbank,Name
796,Kitti Wattanakijawech,bll,Name
797,นาง ชยทัต เดชบุญ,scb,Name
798,Chayatat Dechaboon,kbank,Name
799,นาง บุณยภู จันทรพิพัฒน์,scb,Name
800,Bunyapu Jantarapipat,kbank,Name
801,นาง นวิศา ชนะสมบัติ,kbank,Name
802,Nawisa Chanasombat,kbank,Name
803,นาง วศพล ภูภักดี,scb,Name
804,Wasapol Phupakdee,krungsri,Name
805,นาง จิราพร จันทรเพ็ญ,krungsri,Name
806,Jiraporn Janpen,kbank,Name
807,นาง พัฒนภัทร ธนโชควาณิช,krungsri,Name
808,Pattanapat Tanachokwanich,bll,Name
809,นาง นที วงศ์เจริญ,scb,Name
810,Nati Wongjaroen,krungsri,Name
811,นาง นันทิพร ก้องเกียรติสกุล,kbank,Name
812,Nantiporn Gongkiatsakul,kbank,Name
813,นาง ดลวา นิกรนนท์,krungsri,Name
814,Dolawa Nirakorn,bll,Name
815,นาง ปัณฑ์ เอกโอภาส,bll,Name
816,Pan Aekopas,bll,Name
817,นาง บุณพจน์ จิรวราพงศ์,kbank,Name
818,Boonpoj Jiraworapong,krungsri,Name
819,นาง โสรัตน์ สันติวงษ์,scb,Name
820,Sorat Santiwong,bll,Name
821,นาง ชนิตรา คำทอง,scb,Name
822,Chanitra Kamthong,krungsri,Name
823,นาง ธาวิน พันธ์ภูผา,krungsri,Name
824,Thawin Panphupa,scb,Name
825,นาง สุนิสา อินทรประเสริฐ,kbank,Name
826,Sunisa Intaraprasert,kbank,Name
827,นาง พงษ์นรินทร์ กิตติภัทรา,bll,Name
828,Pongnarin Kittipattra,krungsri,Name
829,นาง กนกพล แก้ววิไล,scb,Name
830,Kanokpol Kaewwilai,scb,Name
831,นาง เศรษฐา ศิลาดี,kbank,Name
832,Setha Siladee,kbank,Name
833,นาง รุ่งโรจน์ พาใจขวัญ,kbank,Name
834,Roongroj Pajaikwan,krungsri,Name
835,นาง พงศภัค พรมบุตร,krungsri,Name
836,Pongsapak Prommabuth,kbank,Name
837,นาง ฉัตรพล สุวรรณโชค,krungsri,Name
838,Chatpol Suwannachok,krungsri,Name
839,นาง กันยา ธาราวงศ์,bll,Name
840,Kanya Tarawong,krungsri,Name
841,นาง พงษ์นรินทร์ มั่นคง,krungsri,Name
842,Pongnarin Mankong,krungsri,Name
843,นาง ฐาปนา ศิริโกศล,krungsri,Name
844,Thapana Sirikoson,kbank,Name
845,นาง ปองพล สุรศักดิ์อุดม,krungsri,Name
846,Pongpon Surasakudom,bll,Name
847,นาง จักรภัทร์ ประชายุต,scb,Name
848,Jakkapat Prachayut,krungsri,Name
849,นาง ชยพัทธ์ โอภาสพัฒน์,kbank,Name
850,Chayapat Opaspat,kbank,Name
851,นาง ศศิธร ก้องวัฒนะกุล,scb,Name
852,Sasithorn Kongwiwattanasakul,bll,Name
853,นาง ชยทัต บุญดี,bll,Name
854,Chayatat Boondee,krungsri,Name
855,นาง มาริญา โตศิลา,krungsri,Name
856,Mariya Tosila,krungsri,Name
857,นาง พรรณวร ไกรภพ,bll,Name
858,Pannawon Kraipob,kbank,Name
859,นาง ธนัช ธรรมภักดิ์,scb,Name
860,Thanad Thammapak,krungsri,Name
861,นาง พงษ์นรินทร์ โสภาภักดิ์,krungsri,Name
862,Pongnarin Sopapak,bll,Name
863,นาง ชาตรี ธารางาม,krungsri,Name
864,Chatree Tarangam,scb,Name
865,นาง นรวร สุพรรณภาคิน,scb,Name
866,Narawon Supannapakin,krungsri,Name
867,นาง ตุลยากร จันทรประการ,kbank,Name
868,Tunyakorn Jantaraprakarn,krungsri,Name
869,นาง โชคชัย จรัสวงศ์,scb,Name
870,Chokchai Jaraswong,krungsri,Name
871,นาง ศุภาพิชญ์ ศรีทอง,bll,Name
872,Supapit Sritong,scb,Name
873,นาง นรียา ตรีทรัพย์,krungsri,Name
874,Nareeya Treesup,scb,Name
875,นาง ตุลยากร จันทรพิพัฒน์,bll,Name
876,Tunyakorn Jantarapipat,kbank,Name
877,นาง ธราธิป สุขเกษม,krungsri,Name
878,Tharathip Sukkasem,krungsri,Name
879,นาง พิชญาภา คมคาย,bll,Name
880,Pichayapa Komkai,krungsri,Name
881,นาง ปวิน สถานนท์,kbank,Name
882,Pawin Satanon,kbank,Name
883,นาง ตุลยากร คมมาก,scb,Name
884,Tunyakorn Kommak,bll,Name
885,นาง สุปรีญา อุดมเดชรักษา,scb,Name
886,Supreeya Udomdechraksa,krungsri,Name
887,นาง สุริยนต์ กิตติภัทรา,kbank,Name
888,Suriyon Kittipattra,kbank,Name
889,นาง ฉันท์สินี ลายศรี,kbank,Name
890,Chansinee Laisri,krungsri,Name
891,นาง เสกข์ จรัสธรรม,krungsri,Name
892,Sek Jarastham,scb,Name
893,นาง กมลฉันท์ จันทรสมบัติ,krungsri,Name
894,Kamonchan Jantarasombat,bll,Name
895,นาง นนทิน โชตวาณิช,scb,Name
896,Nonnatin Chotawanich,bll,Name
897,นาง วีรพล วงศ์ทิพย์,krungsri,Name
898,Veerapol Wongtip,krungsri,Name
899,นาง ธรรมภณ พัฒนปรีชา,bll,Name
900,Thammapon Patanapreecha,krungsri,Name
901,นาง พงษ์อนันต์ รัศมีโชติ,scb,Name
902,Ponganan Rassameechot,kbank,Name
903,นาง กิตติเดช มงคลจิต,bll,Name
904,Kittidesh Mongkonjit,scb,Name
905,นาง ปิยะดา ธาราวงศ์,bll,Name
906,Piyada Tarawong,bll,Name
907,นาง ภาคิน ศรีวรรณวิไล,scb,Name
908,Pakin Sriwanwilai,kbank,Name
909,นาง ปวันรัตน์ กลิ่นโพธิ์,kbank,Name
910,Pawanrat Glinpoh,bll,Name
911,นาง สุพิชชา หงษ์ทอง,scb,Name
912,Supitcha Hongthong,kbank,Name
913,นาง กิตติญา ห้าวหาญ,kbank,Name
914,Kittiya Haoharn,krungsri,Name
915,นาง ฐิตาภา ก้องเกษมทรัพย์,kbank,Name
916,Thitapa Gongkasemsab,bll,Name
917,นาง จิรายุ ไพศาล,kbank,Name
918,Jirayu Paisarn,kbank,Name
919,นาง ญาดา พุ่มสนธิ,scb,Name
920,Yada Poomsonthi,scb,Name
921,นาง ชยุต จันทรประการ,scb,Name
922,Chayud Jantaraprakarn,scb,Name
923,นาง สิตาพัชญ์ ตรีวุฒิ,krungsri,Name
924,Sitapat Treewuth,krungsri,Name
925,Boriwan Siripapan,krungsri,Name
926,Rattapak Sawangwittaya,scb,Name
927,Kanyalak Jaroenpolwattana,krungsri,Name
928,Prompong Prasartngam,kbank,Name
929,Thitapa Gongkasemsab,kbank,Name
930,Pitsini Raksasab,krungsri,Name
931,Jirachoti Jantaraprasert,krungsri,Name
932,Panita Jantarasomboon,scb,Name
933,Chanawan Wongwarang,krungsri,Name
934,Prompong Chotawanich,kbank,Name
935,Jenjira Jarastham,kbank,Name
936,Chalathip Sorapinij,scb,Name
937,Kwannet Jirawanitch,scb,Name
938,Suthipong Yinggnam,krungsri,Name
939,Pimpa Changthong,krungsri,Name
940,Chantakorn Janmanee,krungsri,Name
941,Chokchai Kittipattra,kbank,Name
942,Pongsakorn Komkai,scb,Name
943,Thanawit Udomdechsakul,kbank,Name
944,Bodin Pinijnan,scb,Name
945,Anon Wongsawad,bll,Name
946,Thanaree Sritong,scb,Name
947,Wasapol Wilairat,scb,Name
948,Nawata Santipipak,bll,Name
949,Suwichada Supannapakin,kbank,Name
950,Pattanapong Wongwilai,krungsri,Name
951,Santi Kiatsakul,kbank,Name
952,Ptchaya Kajornkiatsakul,kbank,Name
953,Pawimon Luekham,kbank,Name
954,Sitapat Mahametee,bll,Name
955,Jaipak Chartpipak,bll,Name
956,Anan Kajornkiatsakul,krungsri,Name
957,Phubodin Raksasab,bll,Name
958,Marisa Nirakorn,bll,Name
959,Supinya Tarangam,scb,Name
960,Bulakorn Tontong,bll,Name
961,Pim Kanjanamas,bll,Name
962,Pan Sangthong,kbank,Name
963,Suchavadi Udomaek,bll,Name
964,Marisa Tanakarn,krungsri,Name
965,Bunyapu Kamiam,bll,Name
966,Setha Wongsawad,kbank,Name
967,Suwichada Tontong,bll,Name
968,Kwan Pongwiroj,krungsri,Name
969,Kan Glinpetch,kbank,Name
970,Ananya Kiatkosol,kbank,Name
971,Prema Prasartngam,kbank,Name
972,Suthida Posamran,kbank,Name
973,Thammarat Pichitcharoenwong,scb,Name
974,Pakapong Siriwanich,bll,Name
975,Parinya Achachai,krungsri,Name
976,Kanok Watcharakij,bll,Name
977,Pongsapak Kamiam,scb,Name
978,Nek Siriworapat,krungsri,Name
979,Jiroj Roengtip,krungsri,Name
980,Jantarat Pitiwat,scb,Name
981,Pachari Wongwarang,scb,Name
982,Prapol Rattanakijsakul,bll,Name
983,Thanmika Wongwilai,kbank,Name
984,Weerasak Panphupa,krungsri,Name
985,Yossapol Nirakorn,bll,Name
986,Kittichet Sangtawan,scb,Name
987,Kanokkorn Chaiyapoom,krungsri,Name
988,Chayapol Roengtip,scb,Name
989,Nattapol Sawangwittaya,bll,Name
990,Waranthorn Jitjamroenrung,kbank,Name
991,Kittitorn Arunchai,kbank,Name
992,Nichaporn Kongwiwattanasakul,krungsri,Name
993,Pada Rassameedech,kbank,Name
994,Waleerat Senawong,kbank,Name
995,Nannayot Sukkesorn,bll,Name
996,Thida Pongpaisan,scb,Name
997,Jakkapat Gongkasemsab,krungsri,Name
998,Tampat Koomwong,krungsri,Name
999,Tirapol Prangsub,kbank,Name
1000,Nattakarn Janmanee,bll,Name
1001,Nattatham Tanasombat,kbank,Name
1002,Jomkwan Patamadecha,bll,Name
1003,Jak Pleumpiti,bll,Name
1004,Sasiporn Udomsek,bll,Name
1005,Araya Glinpetch,scb,Name
1006,Paphawin Wattanakijawech,scb,Name
1007,Soraya Jitjamroenrung,krungsri,Name
1008,Non Dechaboon,bll,Name
1009,Kamonphu Sukkasem,kbank,Name
1010,Natniti Laoarun,krungsri,Name
1011,Nareerat Tanakiatkosol,bll,Name
1012,Chayud Treewuth,scb,Name
1013,Merisa Rattanakijkosol,scb,Name
1014,Pacharawat Klabpetch,bll,Name
1015,Nattha Sansuwannawong,bll,Name
1016,Napak Tangjareonsakul,scb,Name
1017,Chawit Jantaraprasert,krungsri,Name
1018,Pongpol Wattanakijawech,kbank,Name
1019,Chanya Phupanitch,krungsri,Name
1020,Thaned Nirakorn,krungsri,Name
1021,Prot Wongwarittara,kbank,Name
1022,Tewika Jiraworapong,bll,Name
1023,Nawaporn Jaroekijatara,krungsri,Name
1024,Araya Weerakittana,bll,Name
1025,Jitarat Jiraworapong,scb,Name
1026,Pantanan Senawong,krungsri,Name
1027,Dejwit Nithiworasakul,kbank,Name
1028,Kanokporn Jitjamroenrung,krungsri,Name
1029,Patraporn Srisuk,kbank,Name
1030,Supitcha Pongpiroj,kbank,Name
1031,Piwara Chotipanitch,scb,Name
1032,Sopol Mongkonman,scb,Name
1033,Kochaporn Komkai,bll,Name
1034,Piyaporn Jantarasomboon,scb,Name
1035,Jermjan Supannapakin,krungsri,Name
1036,Chansinee Pongpattana,kbank,Name
1037,Chatthorn Preechawong,bll,Name
1038,Punyisa Paisarn,kbank,Name
1039,Tanakorn Siriwanich,scb,Name
1040,Rat Phupanitch,kbank,Name
1041,Sasima Wararak,krungsri,Name
1042,Bawonpoj Pongpattana,kbank,Name
1043,Aekapab Udomwong,kbank,Name
1044,Darunai Suwanwechatada,bll,Name
1045,Komsan Pititat,krungsri,Name
1046,Panita Panprakob,kbank,Name
1047,Pakapat Treewanich,kbank,Name
1048,Krititach Arunchai,scb,Name
1049,Merisa Mahametee,bll,Name
1050,Rattapak Patcharapreeda,scb,Name
1051,Thammarat Tanomjit,kbank,Name
1052,Kittichet Jongjamras,kbank,Name
1053,Nawata Chartsombat,bll,Name
1054,Bodin Patamadecha,krungsri,Name
1055,Kanitta Nithiworasakul,kbank,Name
1056,Pin Reongrit,scb,Name
1057,Kanok Sanwong,scb,Name
1058,Jermjan Tontong,scb,Name
1059,Suradech Poomsonthi,krungsri,Name
1060,Kanokporn Tantakarun,bll,Name
1061,Wimonporn Tadaworawong,kbank,Name
1062,Thitikorn Jantaraprakarn,kbank,Name
1063,Chayon Patcharapreeda,bll,Name
1064,Kwan Chartsombat,scb,Name
1065,Panta Satanon,bll,Name
1066,Phuwadol Kajornsakkosol,kbank,Name
1067,Kanyapat Kittitechakun,kbank,Name
1068,Nichanan Komkai,krungsri,Name
1069,Sasiporn Jaroenkan,bll,Name
1070,Chawit Jarastham,bll,Name
1071,Kansita Hongthong,krungsri,Name
1072,Phudit Chaisongkram,bll,Name
1073,Thanawit Jantaraprakarn,krungsri,Name
1074,Pongpisut Rattanaprasert,bll,Name
1075,Thanapat Jantarasomboon,scb,Name
1076,Pongdech Nantawat,kbank,Name
1077,Chama Wongtip,krungsri,Name
1078,Sasima Aekopas,krungsri,Name
1079,Ananporn Ratanapirom,scb,Name
1080,Jaree Sukprasert,scb,Name
1081,Piyada Rattanaarun,bll,Name
1082,Theepob Jaroekijatara,krungsri,Name
1083,Nareeya Sukkasem,krungsri,Name
1084,Apichaya Prommabuth,krungsri,Name
1085,Pong Kanjanamas,krungsri,Name
1086,Supinya Sukkesorn,kbank,Name
1087,Kanokjan Tanachokwanich,kbank,Name
1088,Boripot Worapaksirisakul,kbank,Name
1089,Kittiya Kongwiwattanasakul,bll,Name
1090,Tanachan Tanachokwanich,bll,Name
1091,Krongkwan Sirilai,krungsri,Name
1092,Nattadech Satapirom,kbank,Name
1093,Opas Jantaraporn,bll,Name
1094,Thanyarat Wongwarittara,bll,Name
1095,Sudarat Kiatwittaya,bll,Name
1096,Ratima Sanwong,krungsri,Name
1097,Nattatham Watcharasopon,scb,Name
1098,Davika Sanlerd,scb,Name
1099,Chart Reongsamai,scb,Name
1100,Sasira Patcharapreeda,scb,Name
1101,Kiatnakorn Kiatbawonsakul,scb,Name
1102,Worayot Watcharasopon,bll,Name
1103,Sopita Pitijamroen,scb,Name
1104,Jak Tasanaroeng,kbank,Name
1105,Surapong Jaroekijatara,bll,Name
1106,Bawontat Chotipanitch,bll,Name
1107,Pannawon Julapat,bll,Name
1108,Lakvisa Pichitcharoenwong,krungsri,Name
1109,Pitsini Rattanakijkosol,kbank,Name
1110,Preeyada Rattanaprasert,krungsri,Name
1111,Jaree Senawong,bll,Name
1112,Konchawan Worawongkunakorn,scb,Name
1113,Sudawadee Prasartngam,kbank,Name
1114,Bunyapu Pongpattana,bll,Name
1115,Supreeya Tangjareonsakul,scb,Name
1116,Chonnipa Rattanasetha,kbank,Name
1117,Pan Pichitcharoenwong,bll,Name
1118,Korn Sirilai,krungsri,Name
1119,Kamonchan Prachayut,scb,Name
1120,Nipa Komkai,scb,Name
1121,Yossathorn Sopapak,bll,Name
1122,Jaipak Tarawong,scb,Name
1123,Sirisak Singkow,krungsri,Name
1124,Janyaporn Sukprasert,kbank,Name
1125,Sasima Chokchai,bll,Name
1126,Poom Pongpaisan,kbank,Name
1127,Boriban Rattanaprasit,bll,Name
1128,Samatchai Sangkrajang,scb,Name
1129,Pat Weerachoti,scb,Name
1130,Jantip Poomsonthi,kbank,Name
1131,Sasiporn Sorapinij,scb,Name
1132,Kanokporn Jarassopon,bll,Name
1133,Bawonwit Krajangwong,bll,Name
1134,Janwimon Intaraprasart,scb,Name
1135,Nareeya Udomsek,scb,Name
1136,Bantat Laisri,kbank,Name
1137,Pawadee Tanajaroenkij,krungsri,Name
1138,Veerapol Chartsombat,kbank,Name
1139,Kraisorn Satapirom,krungsri,Name
1140,Prinya Tadaworawong,scb,Name
1141,Apinda Intarakiat,scb,Name
1142,Preeyada Tantakarun,kbank,Name
1143,Raksa Patcharapirom,krungsri,Name
1144,Pongsapat Sukkasem,scb,Name
1145,Tanakorn Pasakul,krungsri,Name
1146,Supapit Makmee,krungsri,Name
1147,Papada Patamadecha,bll,Name
1148,Sunisa Kiatwittaya,kbank,Name
1149,Thapana Janpen,scb,Name
1150,Thanawat Sangthong,kbank,Name
1151,Trinnapat Preechawong,kbank,Name
1152,Peerada Pitijamroen,scb,Name
1153,Wasapol Pongwiroj,bll,Name
1154,Tewika Chokchai,kbank,Name
1155,Pawimon Treepongsakul,bll,Name
1156,Nirach Kiatwittaya,bll,Name
1157,Bawontat Rattanaprasert,bll,Name
1158,Tanawan Siripachasab,scb,Name
1159,Amporn Lertwittaya,kbank,Name
1160,Kittiporn Pongpattana,scb,Name
1161,Pornpinit Boonthep,bll,Name
1162,Rachanok Sansuwannawong,scb,Name
1163,Bulakorn Prangsub,kbank,Name
1164,Pathomporn Nirakorn,scb,Name
1165,Suwichada Boonthep,kbank,Name
1166,Teerana Kongkij,kbank,Name
1167,Sorawit Pitiopaspong,krungsri,Name
1168,Pawimon Kanjanaarkom,kbank,Name
1169,Kanokpong Jantarasombat,kbank,Name
1170,Techathorn Boonkaow,kbank,Name
1171,Waewpan Thanakorn,scb,Name
1172,Laksika Rassameechot,scb,Name
1173,Thitikorn Patanapreecha,bll,Name
1174,Nattanan Sanlerd,kbank,Name
1175,Surawat Nantapinij,kbank,Name
1176,Ponganan Krajangwong,krungsri,Name
1177,Kolawach Boonthep,krungsri,Name
1178,Marika Pongwiroj,bll,Name
1179,Nichamon Sabsila,kbank,Name
1180,Chanon Wongsurawattana,bll,Name
1181,Pornpak Santipipak,krungsri,Name
1182,Narong Tadaworawong,scb,Name
1183,Phurinat Santisuk,bll,Name
1184,Jomkwan Sukkasem,scb,Name
1185,Rattapak Jitjamroenrung,krungsri,Name
1186,Anukul Kamiam,krungsri,Name
1187,Sasira Suwanpiti,bll,Name
1188,Pattamon Sabma,bll,Name
1189,Nimman Tanomjit,scb,Name
1190,Supin Chaisongkram,kbank,Name
1191,Krit Nantawat,scb,Name
1192,Chaipod Sayananon,kbank,Name
1193,Lapin Opaspong,scb,Name
1194,Pat Pinijnan,krungsri,Name
1195,Pawat Pinkaew,kbank,Name
1196,Jirakrit Sawangsena,bll,Name
1197,Supisara Changthong,scb,Name
1198,Suthipong Tanajaroenkij,krungsri,Name
1199,Bunyaporn Weerachoti,scb,Name
1200,Techathorn Kajornkiatsakul,scb,Name
1201,Sek Jittaworawetch,krungsri,Name
1202,Wanwipa Pichitchai,kbank,Name
1203,Weerasak Boonthep,scb,Name
1204,Pachari Nantapoj,bll,Name
1205,Chatchaya Jaroenpolwattana,kbank,Name
1206,Chatchaya Malaikaew,krungsri,Name
1207,Chat Jantarasab,kbank,Name
1208,Jiran Wongpattana,kbank,Name
1209,Tara Kaewmala,bll,Name
1210,Thapana Chotipanitch,krungsri,Name
1211,Banlang Jaroentip,kbank,Name
1212,Tiraput Mahametee,kbank,Name
1213,Pongdech Kasemsub,kbank,Name
1214,Pimpa Jaroenkan,krungsri,Name
1215,Surayuth Satapirom,krungsri,Name
1216,Konchawan Sirirakkosol,scb,Name
1217,Nati Sirilai,kbank,Name
1218,Panawat Arunchai,kbank,Name
1219,Nichakarn Glinpetch,krungsri,Name
1220,Pakapol Janmanee,scb,Name
1221,Laila Tarangam,krungsri,Name
1222,Mariya Komprach,bll,Name
1223,Daranpob Sangthong,kbank,Name
1224,Anukul Pleumpiti,bll,Name
1225,Jakkapob Reongsamai,scb,Name
1226,Pimpa Pichitchai,bll,Name
1227,Suchid Siriwongsakulchai,kbank,Name
1228,Pimsuda Sirikoson,scb,Name
1229,Pongnarin Patanakosol,kbank,Name
1230,Sothorn Chaichana,krungsri,Name
1231,Korn Pongpilai,scb,Name
1232,Nichaporn Achachai,krungsri,Name
1233,Jirachoti Sriwanwilai,scb,Name
1234,Niramat Chotipanitch,kbank,Name
1235,Chansinee Wattanakosol,krungsri,Name
1236,Sasi undefined,kbank,Name
1237,Pakin Thanakorn,scb,Name
1238,Paphawin Tangtip,kbank,Name
1239,Thanatip Nirakorn,scb,Name
1240,Tara Ngamkwan,krungsri,Name
1241,Pongpol Suwannachok,krungsri,Name
1242,Tamon Wongtip,bll,Name
1243,Ranchana Udomdechraksa,kbank,Name
1244,Thawan Kajornsakkosol,krungsri,Name
1245,Sorat Jantarasombat,kbank,Name
1246,Krittin Srisuk,krungsri,Name
1247,Kanjanaporn Mingmala,krungsri,Name
1248,Kemika Sawangsena,krungsri,Name
1249,Punyisa Pikulthep,bll,Name
1250,Tun Mongkonman,bll,Name
1251,Rewit Udomdechsakul,kbank,Name
1252,Pin Laosakul,krungsri,Name
1253,Kulnipa Janpen,krungsri,Name
1254,Anukul Udomsab,kbank,Name
1255,Thayada Rattanakijkosol,scb,Name
1256,Tanin Preedaangkarakul,kbank,Name
1257,Bodin Chokchai,bll,Name
1258,Nitithorn Reongrit,kbank,Name
1259,Kanitta Tasanaroeng,scb,Name
1260,Praepilai Malaikaew,kbank,Name
1261,Krit Sawadiwong,kbank,Name
1262,Chanitra Prachayut,kbank,Name
1263,Kitti Tanasombat,kbank,Name
1264,Suchada Siriwongsakulchai,krungsri,Name
1265,Chayon Santisuk,krungsri,Name
1266,Sasi Opaspong,krungsri,Name
1267,Waranthorn Pongtanapat,kbank,Name
1268,Kun Ngamkwan,krungsri,Name
1269,Supapit Tanakarn,krungsri,Name
1270,Tawit Udomsab,kbank,Name
1271,Nawarat Sirikoson,krungsri,Name
1272,Bawonnan Nithiworasakul,bll,Name
1273,Tanapoom Nantapak,bll,Name
1274,Jaree Udomsek,bll,Name
1275,Phuwadech Rattanakijsakul,bll,Name
1276,Wimonwan Haoharn,krungsri,Name
1277,Bannawan Tiritara,kbank,Name
1278,Yossapat Laoarun,scb,Name
1279,Thayada Phupak,kbank,Name
1280,Jaree Rattanaprasert,scb,Name
1281,Janat Sopapak,scb,Name
1282,Pakin Mongkonjit,scb,Name
1283,Jiranat Bamrungkan,krungsri,Name
1284,Napat Rattanaarun,kbank,Name
1285,Darunai Sabmankong,kbank,Name
1286,Jakkapob Pongpanitch,bll,Name
1287,Jaree Sangtawan,kbank,Name
1288,Panita Laosakul,kbank,Name
1289,Chalee Mongkonjit,kbank,Name
1290,Tawit Singkow,krungsri,Name
1291,Dejwit Tanomjit,scb,Name
1292,Phuwadol Nirakorn,scb,Name
1293,Davika Saisamang,kbank,Name
1294,Nannayot Patanakosol,scb,Name
1295,Apichaya Pongpilai,bll,Name
1296,Bawonnan Panphupa,scb,Name
1297,Daranpob Rattanaatid,bll,Name
1298,Narutma Suktip,scb,Name
1299,Thanat Mingmala,krungsri,Name
1300,Pachari Kittitechakun,krungsri,Name
1301,Bunnisa Janmanee,scb,Name
1302,Rat Siripachasab,bll,Name
1303,Pongpat Suksawad,kbank,Name
1304,Jitarat Udomaek,kbank,Name
1305,Pich Roengtip,kbank,Name
1306,Pawadee Jongjamras,scb,Name
1307,Kaewkwan Intarama,kbank,Name
1308,Pongpon Jaraswong,kbank,Name
1309,Chompu Sawadiwong,scb,Name
1310,Waranthorn Sangsuwan,scb,Name
1311,Thanabodee Wilairat,bll,Name
1312,Ponganan Kwankaew,bll,Name
1313,Pongpon Satanon,kbank,Name
1314,Tharika Achachai,krungsri,Name
1315,Nichanan Treesup,krungsri,Name
1316,Pasika Wichienwit,scb,Name
1317,Suchavadi Dechaboon,bll,Name
1318,Jomkwan Gongkasemsab,krungsri,Name
1319,Kirana Weerachoti,kbank,Name
1320,Chanawan Kommak,krungsri,Name
1321,Thanakorn Thanakorn,krungsri,Name
1322,Kamonpa Suwannachok,krungsri,Name
1323,Surasak Santiwong,bll,Name
1324,Kasidit Aekopas,kbank,Name
1325,Pattanapong Panphupa,kbank,Name
1326,Kemika Julapat,krungsri,Name
1327,Chalee Sirianan,kbank,Name
1328,Narong Tosila,scb,Name
1329,Pich Satanon,bll,Name
1330,Chayatat Achachai,kbank,Name
1331,Weerakiat Pitijamroen,krungsri,Name
1332,Ampika Jittaworawetch,kbank,Name
1333,Sorawit Krajangjit,scb,Name
1334,Janyaporn Weerakitti,scb,Name
1335,Kijaporn Ngamkwan,scb,Name
1336,Thitapa Raksasab,scb,Name
1337,Phudit Kajornsakkosol,scb,Name
1338,Pich Wattanakosol,krungsri,Name
1339,Kiat Pikulthep,kbank,Name
1340,Pakpoom Kaewwilai,krungsri,Name
1341,Sunisa Senawong,krungsri,Name
1342,Pachariya Sawangsena,scb,Name
1343,Banyong Santisuk,bll,Name
1344,Kannika Chotawanich,scb,Name
1345,Komsan Gongkasemsab,kbank,Name
1346,Jaree Tangtip,krungsri,Name
1347,Thapanat Singkow,krungsri,Name
1348,Nawarat Treewanich,bll,Name
1349,Sek Roengtip,bll,Name
1350,Chatpol Bamrungkan,kbank,Name
1351,Suchid Pongtana,kbank,Name
1352,Wasaya Tanajaroenkij,kbank,Name
1353,Thitirat Wattanakosol,kbank,Name
1354,Prapol Siripachasab,kbank,Name
1355,Kanjanee Gongkiatsakul,krungsri,Name
1356,Mesa Weerachoti,krungsri,Name
1357,Jantrapa Jongjanya,scb,Name
1358,Rewit Patamadecha,kbank,Name
1359,Bawontat Sabtara,kbank,Name
1360,Jiampoj Patanapreecha,scb,Name
1361,Kongyot Chaiyapoom,scb,Name
1362,Sasiporn Lertkoonawong,bll,Name
1363,Prema Mongkonman,kbank,Name
1364,Chanawan Chotipanitch,scb,Name
1365,Thammanit Kiatbawonsakul,scb,Name
1366,Nattakarn Arunrung,scb,Name
1367,Kon Srisadudee,krungsri,Name
1368,Pat Jantarapipat,scb,Name
1369,Aekapab Wattanasaksakul,bll,Name
1370,Rewit Kongkij,kbank,Name
1371,Kitti Thanakorn,krungsri,Name
1372,Chidchanok Sabpreecha,krungsri,Name
1373,Kerikwan Malaikaew,kbank,Name
1374,Kulnida Sabmankong,kbank,Name
1375,Yossapat Sawadiwong,kbank,Name
1376,Tara Phupakdee,krungsri,Name
1377,Tanachan Glinpoh,krungsri,Name
1378,Veerapol Chanasombat,krungsri,Name
1379,Tirakun Sayananon,bll,Name
1380,Tanakorn Udomwong,krungsri,Name
1381,Chanathinad Wattanakosol,krungsri,Name
1382,Thayada Mongkolpakdee,bll,Name
1383,Atitan Roongtip,scb,Name
1384,Chompunut Sangkrajang,bll,Name
1385,Samatchai Watcharakij,kbank,Name
1386,Karintip Tiritara,krungsri,Name
1387,Chidchanok Sangkrajang,krungsri,Name
1388,Jenjira Sukkasem,scb,Name
1389,Thanakorn Tangjareonsakul,kbank,Name
1390,Wimonrat Weerapakmethee,bll,Name
1391,Kanokkorn Sabmankong,scb,Name
1392,Karintip Jantarasab,kbank,Name
1393,Kannika Pongtanapat,bll,Name
1394,Sasiwimon Sawangwittaya,bll,Name
1395,Pawin Udomaek,kbank,Name
1396,Chonnipa Gongkasemsab,bll,Name
1397,Kansita Paorod,kbank,Name
1398,Chonnika Phupanitch,scb,Name
1399,Poch Tanachokwanich,kbank,Name
1400,Yata Thammapak,bll,Name
1401,Nipa Kongkij,kbank,Name
1402,Thita Jantarapipat,scb,Name
1403,Preeyawadee Jaraswong,kbank,Name
1404,Thanad Preedaangkarakul,bll,Name
1405,Pong Chanasombat,kbank,Name
1406,Pichayapa undefined,bll,Name
1407,Sethee Siriwongsakulchai,krungsri,Name
1408,Darin Ngamkwan,bll,Name
1409,Preeya Jitjamroenrung,kbank,Name
1410,Thanatip Reongsamai,bll,Name
1411,Pimsuda Sorapinij,scb,Name
1412,Kittidesh Malaikaew,bll,Name
1413,Sajaporn Chotawanich,krungsri,Name
1414,Thitipan Kiatbawonsakul,bll,Name
1415,Janya Tadaworawong,bll,Name
1416,Phurinat Jantarasab,kbank,Name
1417,Nat Thanakorn,krungsri,Name
1418,Weerachai Komsakul,krungsri,Name
1419,Sunisa Santisuk,scb,Name
1420,Palika Intaraprasith,scb,Name
1421,Kwanchanok Preedaangkarakul,kbank,Name
1422,Chawit Jaroenwattana,kbank,Name
1423,Napatsorn Sirilai,kbank,Name
1424,Sarawaree Intaraprasith,kbank,Name
1425,Janat Sabmankong,krungsri,Name
1426,Nattayod Treesup,bll,Name
1427,Kongkiat Panphupa,kbank,Name
1428,Ronnaporn Kamiam,kbank,Name
1429,Preeyapat Intaraprasith,scb,Name
1430,Thiraya Sirirakkosol,scb,Name
1431,Thanased Thanakorn,krungsri,Name
1432,Phuripat Mongkonman,bll,Name
1433,Tirapol Pitiopaspong,scb,Name
1434,Karan Chartsombat,kbank,Name
1435,Pachari Prasertwong,scb,Name
1436,Atip Udomsek,kbank,Name
1437,Prangtip Sangkrajang,kbank,Name
1438,Phoompat Jitjamroenrung,kbank,Name
1439,Nirada Patcharapreeda,kbank,Name
1440,Nat Mongkonjit,kbank,Name
1441,Trin Jantarapipat,scb,Name
1442,Napat Lertwittaya,kbank,Name
1443,Konchawan Saisamang,scb,Name
1444,Poch Rattanaprasert,krungsri,Name
1445,Pawichaya Sansuwannawong,scb,Name
1446,Chaya Wongjaroen,krungsri,Name
1447,Thayanee Opasjaroen,kbank,Name
1448,Yapa Suwansiri,bll,Name
1449,Chatchai Yinggnam,bll,Name
1450,Pongpat Tanakiatkosol,bll,Name
1451,Boriwan Patcharapreeda,kbank,Name
1452,Nat Rattanaprasit,krungsri,Name
1453,Tiraput Sanlerd,krungsri,Name
1454,Kulanan Laoarun,bll,Name
1455,Patraporn Rattanaprasert,scb,Name
1456,Pawitra Tanakarn,scb,Name
1457,Merisa Mongkonjit,kbank,Name
1458,Pimpa Jirawanitch,bll,Name
1459,Sarawaree Sirirakkosol,krungsri,Name
1460,Achanai Worawongkunakorn,krungsri,Name
1461,Kittichet Prasertsom,bll,Name
1462,Preeya Dechaboon,kbank,Name
1463,Thanad Sopapak,kbank,Name
1464,Pongsapak Sangsuwan,krungsri,Name
1465,Jenjira Tanakarn,scb,Name
1466,Thanya Rassameechot,bll,Name
1467,Chutimon Glinpetch,krungsri,Name
1468,Tanapoom Jantarasombat,kbank,Name
1469,Chatthorn Koomwong,krungsri,Name
1470,Sirisak Roengtip,kbank,Name
1471,Kraisorn Srisoi,kbank,Name
1472,Bunnisa Sopapak,scb,Name
1473,Bunyapu Suwanpiti,kbank,Name
1474,Jakpon Pititat,krungsri,Name
1475,Tharika Dechaboon,krungsri,Name
1476,Polapat Yinggnam,kbank,Name
1477,Kanitta Wattanakijawech,bll,Name
1478,Tamon Laosakul,bll,Name
1479,Pat Arunrung,scb,Name
1480,Darin Ruengrangsan,scb,Name
1481,Phuritat Sopapak,bll,Name
1482,Chonnika Rungrassameesab,scb,Name
1483,Nattakit Udomaek,krungsri,Name
1484,Kittichet Nantapinij,krungsri,Name
1485,Prangtip Srisoi,scb,Name
1486,Plathorn Wattanakijawech,kbank,Name
1487,Poom Kittitechakun,scb,Name
1488,Piyada Wichienchan,bll,Name
1489,Kasidit Udompak,kbank,Name
1490,Sunisa Sukseree,kbank,Name
1491,Preeya Suwansiri,kbank,Name
1492,Petcharat Bamrungkan,bll,Name
1493,Bunyaporn Haoharn,scb,Name
1494,Santi Krajangwong,kbank,Name
1495,Kanokpat Thammapak,scb,Name
1496,Porntipa Nantapoj,kbank,Name
1497,Kiat Sorapinij,scb,Name
1498,Thita Tanakiatkosol,kbank,Name
1499,Polakrit Rattanakijkosol,kbank,Name
1500,Paktima Tangtip,kbank,Name
1501,Thammapon Santisakul,krungsri,Name
1502,Thitikorn Prasertwong,krungsri,Name
1503,Weerakiat Udomsek,scb,Name
1504,Piyada Patcharapreeda,scb,Name
1505,Rachanok Pongwiroj,kbank,Name
1506,Wimonpak Chaijaroen,kbank,Name
1507,Pisacha Paorod,kbank,Name
1508,Bongkoch Boondee,scb,Name
1509,Peerada Opaspat,bll,Name
1510,Chanayud Wattanasaksakul,kbank,Name
1511,Thitapa Haoharn,kbank,Name
1512,Suthida Mingmala,scb,Name
1513,Supichaya Suktip,kbank,Name
1514,Nathayu Paisarn,kbank,Name
1515,Supin Sangsawang,krungsri,Name
1516,Kwan Weerapakmethee,kbank,Name
1517,Kanjanaporn Singkow,krungsri,Name
1518,Palika Pajaikwan,krungsri,Name
1519,Chatthorn Santiwong,kbank,Name
1520,Rachanon Pongpilai,scb,Name
1521,Janwimon Chaijaroen,bll,Name
1522,Klon Weerapakmethee,bll,Name
1523,Pakapong Boonthep,kbank,Name
1524,Chayapol Mankongprasit,kbank,Name
1525,Phubodin Raksasab,bll,Name
1526,Wannapa Wongsawad,bll,Name
1527,Pattanakij Wongjaroen,krungsri,Name
1528,Praewa Phupakdee,krungsri,Name
1529,Narit Pipattanakul,krungsri,Name
1530,Kemkorn Paorod,krungsri,Name
1531,Phurinat Achachai,scb,Name
1532,Thanapat Rattanaprasit,kbank,Name
1533,Bawonnan Mongkonman,scb,Name
1534,Supisara Kajornsakkosol,bll,Name
1535,Yada Rattanasetha,krungsri,Name
1536,Wannapa Prommabuth,kbank,Name
1537,Araya Boonkaow,scb,Name
1538,Pawanya Boondee,bll,Name
1539,Jiranat Chotipanitch,krungsri,Name
1540,Pornpimol Tadaworawong,krungsri,Name
1541,Chayin Pongpinij,scb,Name
1542,Nirana Maithong,krungsri,Name
1543,Anan Roengtip,bll,Name
1544,Supreeya Jaroenwattana,krungsri,Name
1545,Kanitta Pitiopaspong,scb,Name
1546,Chaya Pititat,bll,Name
1547,Kamonpa Tarangam,scb,Name
1548,Pafun Tantakarun,scb,Name
1549,Pim Thanakorn,scb,Name
1550,Nitithorn Bamrungkan,kbank,Name
1551,Chayutra Boonkaow,kbank,Name
1552,Krititach Srisuk,krungsri,Name
1553,Sasi Kanjanamas,krungsri,Name
1554,Wichayaporn Tasanaroeng,krungsri,Name
1555,Pin Pongpiroj,kbank,Name
1556,Kanokkorn Changthong,kbank,Name
1557,Tirakun Krairod,bll,Name
1558,Surayon Santisuk,scb,Name
1559,Tirakun Pasakul,kbank,Name
1560,Pakpoom Srisadudee,kbank,Name
1561,Harutai Pinijnan,bll,Name
1562,Thanapat Janpen,krungsri,Name
1563,Jaipak Laosakul,kbank,Name
1564,Kongyot Tarawong,scb,Name
1565,Ranchana Haoharn,krungsri,Name
1566,Karan Jarassopon,krungsri,Name
1567,Panisa Jaroensakul,kbank,Name
1568,Pongnarin Wattanakijawech,krungsri,Name
1569,Thanabodee Sangsuwan,krungsri,Name
1570,Weerasak Jittaworawetch,bll,Name
1571,Surayon Pikulthep,kbank,Name
1572,Thammanit Udomsab,bll,Name
1573,Nawata Udomdechraksa,bll,Name
1574,Piwara Ngamkwan,krungsri,Name
1575,Opaspong Wongjaroen,bll,Name
1576,Pichayaporn Changthong,krungsri,Name
1577,Tirakun Reongsamai,krungsri,Name
1578,Waewpan Weerakittana,kbank,Name
1579,Tarin Kamthong,krungsri,Name
1580,Chanon Arunchai,scb,Name
1581,Phuwadech Laosakul,kbank,Name
1582,Panita Jantaraprasert,krungsri,Name
1583,Mesa Wattanasaksakul,krungsri,Name
1584,Kwanjai Glinpoh,kbank,Name
1585,Jon Prasanwong,kbank,Name
1586,Paphawin Watcharajirakul,kbank,Name
1587,Pitipoom Boondee,krungsri,Name
1588,Chonnipa Prangsub,scb,Name
1589,Chalathip Srisadudee,kbank,Name
1590,Ananya Sangsawang,kbank,Name
1591,Tarin Tangjareonsakul,scb,Name
1592,Supinya Mankong,krungsri,Name
1593,Pichayaporn Jaroentip,scb,Name
1594,Nattakit Opasjaroen,kbank,Name
1595,Narawon Tontong,krungsri,Name
1596,Kamonpa Sukprasert,krungsri,Name
1597,Samatchai Pongwiroj,scb,Name
1598,Sasira Janmanee,krungsri,Name
1599,Pada Patamadecha,krungsri,Name
1600,Ananya Opasjaroen,bll,Name
1601,Porntipa Ngamkwan,bll,Name
1602,Chonnika Mahametee,bll,Name
1603,Palika Jaroenkan,kbank,Name
1604,Tachapol Pititat,krungsri,Name
1605,Thitirat Boondee,kbank,Name
1606,Sasima Jaroensakul,bll,Name
1607,Supitcha Jittaworawetch,scb,Name
1608,Boriban Kaewwilai,kbank,Name
1609,Pitsini Phupakdee,scb,Name
1610,Chanitra Treewuth,krungsri,Name
1611,Yossathorn undefined,krungsri,Name
1612,Bunyapu Nualjan,bll,Name
1613,Napak Thammawong,krungsri,Name
1614,Phuwanai Nantapoj,bll,Name
1615,Krittin Udomdechraksa,scb,Name
1616,Chatree Krajangjit,scb,Name
1617,Kemkorn Arunrung,krungsri,Name
1618,Kochaporn Reongrit,krungsri,Name
1619,Preeyada Ratanapirom,bll,Name
1620,Bannawan Jantarasab,kbank,Name
1621,Nek Pongpai,bll,Name
1622,Bantat Suksawad,bll,Name
1623,Kittiya Sali,scb,Name
1624,Tewika Sriwanwilai,scb,Name
1625,Korn Pongpanitch,bll,Name
1626,Piyapol Weerachoti,kbank,Name
1627,Kongkiat Laosakul,krungsri,Name
1628,Nattapol Rungrassameesab,krungsri,Name
1629,Tara Natapiwat,bll,Name
1630,Phuwadech Rungrassameesab,scb,Name
1631,Nirach Treewanich,bll,Name
1632,Nat Chaichana,kbank,Name
1633,Anankorn Boondee,bll,Name
1634,Pattanadech Treepongsakul,scb,Name
1635,Pich Thammapak,kbank,Name
1636,Busalin Satapirom,scb,Name
1637,Sapthanida Jaroensakul,krungsri,Name
1638,Prisana Kiatsakul,bll,Name
1639,Kan Pichitcharoenwong,kbank,Name
1640,Nimman Roongrudee,kbank,Name
1641,Kulnipa Jantarakiat,kbank,Name
1642,Nattarat Tanomjit,scb,Name
1643,Sudawadee Kiatsakul,scb,Name
1644,Surasak Pititat,bll,Name
1645,Pawitra Jiraworapong,scb,Name
1646,Kasidit Suwannachoti,kbank,Name
1647,Nattakit Sukkesorn,scb,Name
1648,Pakin Rattanasetha,bll,Name
1649,Wasapol Wongsawad,scb,Name
1650,Tanapat Jitjamroenrung,bll,Name
1651,Chayapat Tiritara,kbank,Name
1652,Charan Sukkesorn,krungsri,Name
1653,Chayapol Opaspong,bll,Name
1654,Tanit Tanasombat,scb,Name
1655,Waranthorn Jaroensin,krungsri,Name
1656,Chanisa Tarawong,bll,Name
1657,Phurinat Weerakitti,krungsri,Name
1658,Pat Rattanaatid,scb,Name
1659,Chaipod Gongkiatsakul,scb,Name
1660,Poom Pititat,krungsri,Name
1661,Surapong Panprakob,kbank,Name
1662,Ariya Kajornsakkosol,scb,Name
1663,Phudit Roengtip,kbank,Name
1664,Sunisorn Suwanpiti,bll,Name
1665,Sunisorn Chaijaroen,krungsri,Name
1666,Anriya Santiwong,bll,Name
1667,Kittiya Ratanapirom,bll,Name
1668,Nattakarn Boonthep,bll,Name
1669,Paktima Santisuk,kbank,Name
1670,Kanokkorn Weerakittana,krungsri,Name
1671,Wimonrat Ratanapirom,scb,Name
1672,Korapol Patanapreecha,scb,Name
1673,Preeya Pongtanapat,kbank,Name
1674,Surapol Jaraswong,bll,Name
1675,Ran Tiritara,bll,Name
1676,Paktima Sukprasert,scb,Name
1677,Chat Tanachokwanich,scb,Name
1678,Trinnapat Suwansiri,bll,Name
1679,Chalatid Krajangjit,kbank,Name
1680,Apinda Reongrit,krungsri,Name
1681,Panita Phungam,kbank,Name
1682,Jantrarat Jaroenpolwattana,kbank,Name
1683,Bunyaporn Bamrungkan,scb,Name
1684,Nattha Jaroenpolwattana,krungsri,Name
1685,Phurinat Tasanaroeng,krungsri,Name
1686,Jermjan Pongtana,kbank,Name
1687,Anankorn Ngamkwan,bll,Name
1688,Walaiporn Roongrudee,bll,Name
1689,Lapin Siriwongsakulchai,bll,Name
1690,Supitcha Klabpetch,bll,Name
1691,Daranporn Sansuwannawong,kbank,Name
1692,Suthida Tanomjit,kbank,Name
1693,Kwanjira Suwansiri,krungsri,Name
1694,Thitirat Nithiworasakul,scb,Name
1695,Suchavadi Sukkasem,krungsri,Name
1696,Trin Jarassopon,bll,Name
1697,Boripot Opasjaroen,scb,Name
1698,Sopita Hongthong,scb,Name
1699,Pattanapat Jantarasombat,scb,Name
1700,Janat Panprakob,krungsri,Name
1701,Supitcha Wilairat,krungsri,Name
1702,Nimman Pongpattana,scb,Name
1703,Weerapol Wattanasaksakul,kbank,Name
1704,Bawonrat Jaroensin,kbank,Name
1705,Ran Koomwong,scb,Name
1706,Worayot Opaspong,kbank,Name
1707,Pat Siripachasab,bll,Name
1708,Kansika Siriwanich,bll,Name
1709,Tarin Suwannachok,scb,Name
1710,Prangtip Prasertwong,krungsri,Name
1711,Pitiwat Achachai,kbank,Name
1712,Chutimon Rattanaprasit,scb,Name
1713,Ratima Jirawanitch,kbank,Name
1714,Jon Siripat,scb,Name
1715,Pawin Intaraprasert,krungsri,Name
1716,Teepakorn Kraipob,krungsri,Name
1717,Kanjanee Intaraprasart,krungsri,Name
1718,Kanyapat Intarama,kbank,Name
1719,Phurinat Watcharajirakul,bll,Name
1720,Thammapon Maithong,scb,Name
1721,Pannawon Jantarapipat,krungsri,Name
1722,Pisacha Sayananon,scb,Name
1723,Pattanapon Treesup,krungsri,Name
1724,Papawadee Wongwarittara,scb,Name
1725,Nat Kraipob,kbank,Name
1726,Nirach Paorod,krungsri,Name
1727,Phuritat Sisaard,kbank,Name
1728,Supreeya Intaraprasart,bll,Name
1729,Pattanakij Santiwong,bll,Name
1730,Yossakorn Hongthong,scb,Name
1731,Pattanapoom Pongpilai,kbank,Name
1732,Pawin Sirilai,kbank,Name
1733,Nat Jaroenwattana,kbank,Name
1734,Aekapab Janmanee,scb,Name
1735,Prot Sanlerd,bll,Name
1736,Weerachai Treewanich,kbank,Name
1737,Jiraporn Jaraswong,scb,Name
1738,Piyaporn Tangtip,scb,Name
1739,Sunisa Weerakittana,bll,Name
1740,Banyong Tosila,kbank,Name
1741,Sudarat Nirakorn,bll,Name
1742,Pattamon Pitiwat,kbank,Name
1743,Chutimon Chokchai,bll,Name
1744,Nattawee Chotipanitch,krungsri,Name
1745,Chompunut Pongwiroj,krungsri,Name
1746,Chonlatee Treewanich,krungsri,Name
1747,Krittin Senawong,bll,Name
1748,Bannawan Jantarasomboon,kbank,Name
1749,Tharathip Ngamkwan,bll,Name
1750,Parirom Pongwiroj,kbank,Name
1751,Chatthorn Sanwong,scb,Name
1752,Kwanjira Pichitcharoenwong,kbank,Name
1753,Opaspong Paorod,krungsri,Name
1754,Preeyapat Kittipattra,bll,Name
1755,Kunjira Siripat,kbank,Name
1756,Jakpon Pipattanakul,krungsri,Name
1757,Nitta Suwannachok,krungsri,Name
1758,Supinya Roongtip,scb,Name
1759,Waleerat Kaewmala,scb,Name
1760,Panawat Prasanwong,krungsri,Name
1761,Pawimon Udomwong,bll,Name
1762,Praewa Klabpetch,krungsri,Name
1763,Santi Mahametee,krungsri,Name
1764,Phurinat Pipattanakul,krungsri,Name
1765,Passorn Sritong,scb,Name
1766,Teepakorn Suksawad,krungsri,Name
1767,Raksa Haoharn,kbank,Name
1768,Pichayapa Jongjamras,bll,Name
1769,Dejwit Watcharajirakul,bll,Name
1770,Busalin Intaraprasart,krungsri,Name
1771,Teepakorn Patcharapirom,scb,Name
1772,Poch Nualjan,bll,Name
1773,Phuriwat Prasartngam,bll,Name
1774,Nichakarn Pipattanakul,scb,Name
1775,Nat Glinpoh,scb,Name
1776,Daranporn Mongkolpakdee,kbank,Name
1777,Phuwadol Jantaraprasert,bll,Name
1778,Pariya Tangtip,scb,Name
1779,Surasak Tanajaroenkij,bll,Name
1780,Napat Janpen,bll,Name
1781,Nattachai Siladee,kbank,Name
1782,Nitithorn Sukkesorn,scb,Name
1783,Tharika Worapaksirisakul,scb,Name
1784,Jantip Suwanpiti,scb,Name
1785,Nichamon Thanakorn,scb,Name
1786,Janat Pinijnan,bll,Name
1787,Supitcha Supannapakin,bll,Name
1788,Kanokpat Tongchai,kbank,Name
1789,Wasaya Sirirakkosol,krungsri,Name
1790,Pongpat Patcharapreeda,krungsri,Name
1791,Pongkiat Saisamang,kbank,Name
1792,Jitarat Tanomjit,scb,Name
1793,Jakkapat Chartpipak,kbank,Name
1794,Chatpol Sirilai,bll,Name
1795,Techathorn Treewuth,krungsri,Name
1796,Thanyakan Siripapan,bll,Name
1797,Boriwan Patanakosol,krungsri,Name
1798,Bantat Jaroensakul,kbank,Name
1799,Pich Sansuwannawong,bll,Name
1800,Panisa Jantarakiat,scb,Name
1801,Pornpimol Pongpanitch,bll,Name
1802,Parinya Weerakitti,bll,Name
1803,Pimsuda Tadaworawong,krungsri,Name
1804,Laila Sopapak,krungsri,Name
1805,Chama Pichitchai,kbank,Name
1806,Wasapol Wichienwit,scb,Name
1807,Thammika Sorapinij,bll,Name
1808,Chalathip Jaroentip,krungsri,Name
1809,Rattapak Jitjamroenrung,krungsri,Name
1810,Weerakiat Sirilai,bll,Name
1811,Atitan Sangdara,scb,Name
1812,Nipa Rattanasetha,scb,Name
1813,Peeraya Nithiworasakul,krungsri,Name
1814,Thammika Gongkiatsakul,bll,Name
1815,Aranya Pongpaisan,bll,Name
1816,Nantiya Wichienchan,bll,Name
1817,Rewit Tasanaroeng,kbank,Name
1818,Pakapol Sukkasem,scb,Name
1819,Yossapat Boonthep,krungsri,Name
1820,Boripot Sangkrajang,scb,Name
1821,Pafun Nantapoj,scb,Name
1822,Nat Chotipanitch,bll,Name
1823,Chalee Suktip,bll,Name
1824,Pongsit Pongpanitch,kbank,Name
1825,Pasika Suktip,bll,Name
1826,Wiroj Pitijamroen,scb,Name
1827,Kasidit Prasanwong,bll,Name
1828,Peerada Tarangam,kbank,Name
1829,Supreeya Wongpattana,bll,Name
1830,Pat Ngamkwan,krungsri,Name
1831,Paporn Pongpanitch,kbank,Name
1832,Pawitra Sopapak,krungsri,Name
1833,Jantra Sali,kbank,Name
1834,Chonnipa Treewuth,bll,Name
1835,Nitithorn Satapirom,bll,Name
1836,Narutma Sangthong,bll,Name
1837,Thitirat Wararak,krungsri,Name
1838,Raiya Weerapakmethee,bll,Name
1839,Kanokporn Lertkoonawong,scb,Name
1840,Kwannet Hongthong,krungsri,Name
1841,Daranporn Pongtanapat,bll,Name
1842,Panupon Wilairat,krungsri,Name
1843,Korakot Haoharn,bll,Name
1844,Jarawee Opaspat,kbank,Name
1845,Sasira Wongpattana,kbank,Name
1846,Bantat Wichienwit,bll,Name
1847,Kamonchan Kongkij,scb,Name
1848,Benjamas Satanon,bll,Name
1849,Supinya Patamadecha,scb,Name
1850,Praewa Krajangjit,bll,Name
1851,Thawin Tarangam,krungsri,Name
1852,Supreeya Weerakitti,scb,Name
1853,Thana Janpen,kbank,Name
1854,Chompu Roongrudee,kbank,Name
1855,Napat Treesup,krungsri,Name
1856,Nattadech Patamadecha,kbank,Name
1857,Yata Julapat,scb,Name
1858,Krittin Tangjareonsakul,kbank,Name
1859,Paweena Wongjaroen,krungsri,Name
1860,Kulanan Kraipob,bll,Name
1861,Boonpoj Chartsombat,scb,Name
1862,Boriwan Sabtara,kbank,Name
1863,Theepob Tasanaroeng,krungsri,Name
1864,Ptchaya Jaroensin,bll,Name
1865,Nannayot Surasakudom,bll,Name
1866,Nimman Prasertwong,scb,Name
1867,Thanyarat Ruengrangsan,krungsri,Name
1868,Sopol Yinggnam,bll,Name
1869,Korn Chaisongkram,krungsri,Name
1870,Thanyakan Mingmala,kbank,Name
1871,Kittitat Sakulwong,scb,Name
1872,Rat Intaraprasart,bll,Name
1873,Praepilai Tanajaroenkij,kbank,Name
1874,Jakkapat Ruengrangsan,kbank,Name
1875,Nichamon Thammawong,krungsri,Name
1876,Porntipa Chanasombat,krungsri,Name
1877,Kemkorn Santisuk,bll,Name
1878,Punnapoj Rassameechot,bll,Name
1879,Jantrapa Pichitchai,bll,Name
1880,Nonnatin Nantapoj,kbank,Name
1881,Nareerat Phupanitch,kbank,Name
1882,Chanoknan Suksawad,krungsri,Name
1883,Thanapat Pinijnan,scb,Name
1884,Theepob Boondee,scb,Name
1885,Nichaporn Prasertwong,krungsri,Name
1886,Pawin Intaraprasart,bll,Name
1887,Marika Rungrassameesab,kbank,Name
1888,Chaipod Jaraswong,krungsri,Name
1889,Sunisorn Prasertwong,kbank,Name
1890,Aekapob Jaraswong,scb,Name
1891,Sajaporn Mongkonjit,bll,Name
1892,Natniti Sansuwannawong,krungsri,Name
1893,Nattakit Mongkonman,kbank,Name
1894,Balika Phupak,krungsri,Name
1895,Sajaporn Udomdechraksa,bll,Name
1896,Nattarat Panphupa,krungsri,Name
1897,Nattakit Kommak,kbank,Name
1898,Tirapol Ngamkwan,scb,Name
1899,Komsan Prasertsom,krungsri,Name
1900,Peerada Glinpoh,kbank,Name
1901,Nirach Janwarasakul,bll,Name
1902,Kittitorn Mankong,kbank,Name
1903,Preeyawadee Wongsurawattana,scb,Name
1904,Nawamon Jantaraprakarn,krungsri,Name
1905,Pongsakorn Weerakittana,scb,Name
1906,Bunyaporn Wongjaroen,krungsri,Name
1907,Kansika undefined,scb,Name
1908,Ponganan Sabmankong,kbank,Name
1909,Phuwadol Mankongprasit,kbank,Name
